Date;Value
2005-01-03;623.59
2005-01-04;625.86
2005-01-05;617.68
2005-01-06;624.09
2005-01-07;622.88
2005-01-10;634.82
2005-01-11;633.32
2005-01-12;639.59
2005-01-13;640.23
2005-01-14;651.57
2005-01-17;664.98
2005-01-18;670.7
2005-01-19;679.82
2005-01-20;684.99
2005-01-21;686.64
2005-01-24;680.44
2005-01-25;685.9
2005-01-26;681.32
2005-01-27;684.9
2005-01-28;694.06
2005-01-31;714.87
2005-02-01;688.11
2005-02-02;676.44
2005-02-03;670.81
2005-02-04;682.27
2005-02-07;692.34
2005-02-08;697.26
2005-02-09;714.52
2005-02-10;724.69
2005-02-11;743.89
2005-02-14;759.17
2005-02-15;782.11
2005-02-16;790.46
2005-02-17;792.38
2005-02-18;810.95
2005-02-21;820.7
2005-02-22;843.28
2005-02-23;887.5
2005-02-24;919.69
2005-02-25;932.44
2005-02-28;907.58
2005-03-01;876.94
2005-03-02;882.35
2005-03-07;887.53
2005-03-08;901.33
2005-03-09;904.43
2005-03-10;901.07
2005-03-11;895.68
2005-03-12;901.67
2005-03-14;884.78
2005-03-15;868.87
2005-03-16;864.14
2005-03-17;853.53
2005-03-18;858.25
2005-03-21;849.63
2005-03-22;820.43
2005-03-23;825.88
2005-03-24;844.4
2005-03-25;857.84
2005-03-28;857.47
2005-03-29;848.75
2005-03-30;842.36
2005-03-31;840.01
2005-04-01;839.09
2005-04-04;835.28
2005-04-05;844.38
2005-04-06;842.94
2005-04-07;838.94
2005-04-08;831.06
2005-04-11;818.06
2005-04-12;802.66
2005-04-13;800.34
2005-04-14;802.24
2005-04-15;817.03
2005-04-18;812.29
2005-04-19;797.03
2005-04-20;794.1
2005-04-21;789.25
2005-04-22;785.6
2005-04-25;789.3
2005-04-26;775.08
2005-04-27;769.89
2005-04-28;771.6
2005-04-29;783.17
2005-05-03;785.93
2005-05-04;789.85
2005-05-05;790.45
2005-05-09;793.94
2005-05-10;789.26
2005-05-11;793.35
2005-05-12;809.43
2005-05-13;819.91
2005-05-16;810.93
2005-05-17;807.42
2005-05-18;811.13
2005-05-19;814.86
2005-05-20;810.35
2005-05-25;810.23
2005-05-26;795.18
2005-05-27;795.67
2005-05-28;796.1
2005-05-30;791.11
2005-05-31;788.67
2005-06-01;778.38
2005-06-02;782.3
2005-06-03;782.59
2005-06-06;790.62
2005-06-07;759.72
2005-06-08;778.51
2005-06-09;773.21
2005-06-10;778.75
2005-06-13;770.08
2005-06-14;782.93
2005-06-15;763.06
2005-06-16;744
2005-06-17;740.67
2005-06-20;722.55
2005-06-21;717.55
2005-06-22;708.3
2005-06-23;701.25
2005-06-24;703.76
2005-06-27;726.26
2005-06-28;715.34
2005-06-29;726.09
2005-06-30;732.96
2005-07-01;727.16
2005-07-04;729.11
2005-07-05;727.33
2005-07-06;727.4
2005-07-07;726.21
2005-07-08;736.16
2005-07-11;740.76
2005-07-12;749.82
2005-07-13;749.48
2005-07-14;748.27
2005-07-15;751.91
2005-07-18;756.94
2005-07-19;755.35
2005-07-20;759.86
2005-07-21;767.77
2005-07-22;774.84
2005-07-25;774.4
2005-07-26;775.08
2005-07-27;778.97
2005-07-28;779.69
2005-07-29;779.83
2005-08-01;788.22
2005-08-02;785.5
2005-08-03;798.41
2005-08-04;804.43
2005-08-05;812.78
2005-08-08;818.2
2005-08-09;817.92
2005-08-10;819.89
2005-08-11;814.99
2005-08-12;817.57
2005-08-15;820
2005-08-16;824.24
2005-08-17;825.35
2005-08-18;829.01
2005-08-19;830.54
2005-08-22;825.88
2005-08-23;820.66
2005-08-24;823.56
2005-08-25;822.03
2005-08-26;819.46
2005-08-29;821.4
2005-08-30;815.77
2005-08-31;824.74
2005-09-01;823.24
2005-09-02;821.7
2005-09-07;827.16
2005-09-08;828.53
2005-09-09;829.05
2005-09-10;834.02
2005-09-12;834.8
2005-09-13;841.46
2005-09-14;854.08
2005-09-15;866.91
2005-09-16;872.73
2005-09-17;875.89
2005-09-19;886.24
2005-09-20;887.52
2005-09-21;886.73
2005-09-26;880.27
2005-09-27;885.93
2005-09-28;901.2
2005-09-29;902.94
2005-09-30;898.38
2005-10-03;895.59
2005-10-04;882.53
2005-10-05;880.43
2005-10-06;882.6
2005-10-07;881.28
2005-10-10;881.98
2005-10-11;881.71
2005-10-12;877.27
2005-10-13;870
2005-10-14;866.27
2005-10-17;855.25
2005-10-18;868.6
2005-10-19;860.51
2005-10-20;850.51
2005-10-21;845.61
2005-10-24;836.71
2005-10-25;850.28
2005-10-26;825.81
2005-10-27;808.87
2005-10-28;819.13
2005-10-31;831.11
2005-11-01;839.07
2005-11-02;836.95
2005-11-03;848.23
2005-11-04;851.75
2005-11-07;852.18
2005-11-08;849.99
2005-11-09;850.18
2005-11-10;844.64
2005-11-11;845.56
2005-11-14;845.95
2005-11-15;839.3
2005-11-16;841.96
2005-11-17;839.81
2005-11-18;835.86
2005-11-21;833.89
2005-11-22;837.3
2005-11-23;842.76
2005-11-24;837.54
2005-11-25;836.15
2005-11-28;835.41
2005-11-29;833.09
2005-11-30;829.43
2005-12-01;822.98
2005-12-02;820.58
2005-12-05;820.44
2005-12-06;819.24
2005-12-07;818.87
2005-12-08;818.87
2005-12-09;817.27
2005-12-12;815.57
2005-12-13;812.78
2005-12-14;801.41
2005-12-15;801.24
2005-12-16;799.78
2005-12-19;821.72
2005-12-20;809.57
2005-12-21;816.92
2005-12-22;814.32
2005-12-23;813.03
2005-12-27;813.75
2005-12-28;825.53
2006-01-03;822.97
2006-01-04;831.42
2006-01-05;833.93
2006-01-06;833.39
2006-01-09;832.96
2006-01-10;839.19
2006-01-11;851.45
2006-01-12;845.68
2006-01-13;851.64
2006-01-16;845.95
2006-01-17;851.49
2006-01-18;852.42
2006-01-19;853.65
2006-01-20;853.99
2006-01-23;851.51
2006-01-24;856
2006-01-25;859.1
2006-01-26;858.73
2006-01-27;854.93
2006-01-28;855.87
2006-01-30;868.18
2006-01-31;866.22
2006-02-01;869.65
2006-02-02;865.05
2006-02-03;869.63
2006-02-06;867.35
2006-02-07;866.88
2006-02-08;867.8
2006-02-09;870.13
2006-02-10;868.32
2006-02-13;869.58
2006-02-14;873.01
2006-02-15;871.94
2006-02-16;870
2006-02-17;874.89
2006-02-20;879.64
2006-02-21;880.48
2006-02-22;881.68
2006-02-23;881.57
2006-02-24;879.84
2006-02-27;879.99
2006-02-28;875.46
2006-03-01;874.7
2006-03-02;881.35
2006-03-06;881.94
2006-03-07;881.57
2006-03-08;880.82
2006-03-09;874.4
2006-03-10;873.44
2006-03-13;875.82
2006-03-14;873.76
2006-03-15;876.03
2006-03-16;877.56
2006-03-17;876.94
2006-03-20;875.19
2006-03-21;876.23
2006-03-22;874.2
2006-03-23;870.23
2006-03-24;869.54
2006-03-27;868.46
2006-03-28;868.21
2006-03-29;868.45
2006-03-30;870.12
2006-03-31;869.91
2006-04-03;870.01
2006-04-04;867.75
2006-04-05;853.14
2006-04-06;869.84
2006-04-07;870.55
2006-04-10;870.04
2006-04-11;875.49
2006-04-12;881.26
2006-04-13;878.91
2006-04-14;884.35
2006-04-17;881.78
2006-04-18;880.08
2006-04-19;882.01
2006-04-20;879
2006-04-21;880.1
2006-04-25;880.73
2006-04-26;883.55
2006-04-27;885.39
2006-04-28;886.57
2006-05-02;883.71
2006-05-03;876.8
2006-05-04;877.53
2006-05-05;878.24
2006-05-08;881.91
2006-05-09;877.39
2006-05-10;882.06
2006-05-11;884.53
2006-05-12;886.97
2006-05-15;887.13
2006-05-16;887.32
2006-05-17;888.59
2006-05-18;887.42
2006-05-19;886.01
2006-05-22;884.36
2006-05-23;878.58
2006-05-25;872.85
2006-05-26;864.12
2006-05-29;865.72
2006-05-30;862.72
2006-05-31;867.14
2006-06-01;870.76
2006-06-02;870.68
2006-06-05;871.29
2006-06-06;877.73
2006-06-07;876.28
2006-06-08;874.24
2006-06-09;875.15
2006-06-12;878.78
2006-06-13;880.17
2006-06-14;878.93
2006-06-15;882.18
2006-06-16;884.53
2006-06-19;883.5
2006-06-20;882.27
2006-06-21;883.65
2006-06-22;884.43
2006-06-23;882.43
2006-06-26;882.4
2006-06-27;886.35
2006-06-28;888
2006-06-29;888.64
2006-06-30;888.25
2006-07-03;888.39
2006-07-04;887.22
2006-07-05;889.71
2006-07-06;887.88
2006-07-07;888.91
2006-07-10;882.55
2006-07-11;887.31
2006-07-12;888.23
2006-07-13;900
2006-07-14;894.31
2006-07-17;902.38
2006-07-18;903.76
2006-07-19;901.09
2006-07-20;899.9
2006-07-21;912.5
2006-07-24;919.79
2006-07-25;924.03
2006-07-26;924.68
2006-07-27;920.43
2006-07-28;923.55
2006-07-31;929.78
2006-08-01;926.28
2006-08-02;929.2
2006-08-03;925.62
2006-08-04;922.04
2006-08-07;926.68
2006-08-08;931.3
2006-08-09;936.99
2006-08-10;934.02
2006-08-11;939.52
2006-08-14;942.44
2006-08-15;931.01
2006-08-16;935.34
2006-08-17;948.73
2006-08-18;954.99
2006-08-21;952.71
2006-08-22;955.54
2006-08-23;954.11
2006-08-24;952.82
2006-08-25;951.17
2006-08-28;951.49
2006-08-29;954.75
2006-08-30;961.45
2006-08-31;959.22
2006-09-01;958.74
2006-09-04;951.5
2006-09-05;945.39
2006-09-07;940.55
2006-09-08;935.56
2006-09-11;934.83
2006-09-12;933.76
2006-09-13;932.28
2006-09-14;933.96
2006-09-15;938.94
2006-09-18;940.91
2006-09-19;944.25
2006-09-20;942.15
2006-09-21;945.33
2006-09-25;948.67
2006-09-26;952.25
2006-09-27;956.85
2006-09-28;959.18
2006-09-29;966.78
2006-10-02;962.97
2006-10-03;973.5
2006-10-04;1002.88
2006-10-05;1026.22
2006-10-06;1031.83
2006-10-09;1031.19
2006-10-10;1030.5
2006-10-11;1027.97
2006-10-12;1041.53
2006-10-13;1044.96
2006-10-16;1045.39
2006-10-17;1047.89
2006-10-18;1051.07
2006-10-19;1052.82
2006-10-20;1057.64
2006-10-23;1061.73
2006-10-24;1061.7
2006-10-25;1073.77
2006-10-26;1078.75
2006-10-27;1084.08
2006-10-30;1090.48
2006-10-31;1098.29
2006-11-01;1117.46
2006-11-02;1098.97
2006-11-03;1094.84
2006-11-06;1087.07
2006-11-07;1083.94
2006-11-08;1082.21
2006-11-09;1080.53
2006-11-10;1085.7
2006-11-13;1083.87
2006-11-14;1080.83
2006-11-15;1083.59
2006-11-16;1078.76
2006-11-17;1082.14
2006-11-20;1100.47
2006-11-21;1106.2
2006-11-22;1111.18
2006-11-23;1130.64
2006-11-24;1165.54
2006-11-27;1187.93
2006-11-28;1178.51
2006-11-29;1164.89
2006-11-30;1160.26
2006-12-01;1162.82
2006-12-04;1167.62
2006-12-05;1167.83
2006-12-06;1177.54
2006-12-07;1177.28
2006-12-08;1174.87
2006-12-11;1186.3
2006-12-12;1185.83
2006-12-13;1186.85
2006-12-14;1187.48
2006-12-15;1195.29
2006-12-18;1203.96
2006-12-19;1215.74
2006-12-20;1217.2
2006-12-21;1224.75
2006-12-22;1224.12
2007-01-03;1243.73
2007-01-04;1266.31
2007-01-05;1302.81
2007-01-08;1349.57
2007-01-09;1378.38
2007-01-10;1381.39
2007-01-11;1355.44
2007-01-12;1372.72
2007-01-15;1383.92
2007-01-16;1381.91
2007-01-17;1378.2
2007-01-18;1376.65
2007-01-19;1375.66
2007-01-22;1416.81
2007-01-23;1412.71
2007-01-24;1364.53
2007-01-25;1366.71
2007-01-26;1382.36
2007-01-29;1374.87
2007-01-30;1359.18
2007-01-31;1339.46
2007-02-01;1334.78
2007-02-02;1331.52
2007-02-05;1319.86
2007-02-06;1320.52
2007-02-07;1330
2007-02-08;1336.75
2007-02-09;1341.93
2007-02-12;1339.84
2007-02-13;1322.24
2007-02-14;1315.41
2007-02-15;1337.23
2007-02-16;1347.52
2007-02-19;1328.65
2007-02-20;1322.02
2007-02-21;1312.1
2007-02-22;1320.64
2007-02-23;1296.92
2007-02-26;1304.07
2007-02-27;1309.61
2007-02-28;1304.78
2007-03-01;1302.79
2007-03-02;1306.64
2007-03-05;1276.24
2007-03-06;1260.86
2007-03-07;1280.22
2007-03-08;1276.29
2007-03-09;1277.79
2007-03-12;1281.26
2007-03-13;1290.23
2007-03-14;1273.48
2007-03-15;1270.97
2007-03-16;1272.4
2007-03-19;1268.96
2007-03-20;1264.77
2007-03-21;1265.77
2007-03-22;1265.42
2007-03-23;1261.66
2007-03-26;1262.92
2007-03-27;1263.56
2007-03-28;1261.76
2007-03-29;1263.23
2007-03-30;1278.19
2007-04-02;1275.84
2007-04-03;1288.8
2007-04-04;1293.76
2007-04-05;1300.79
2007-04-06;1299.65
2007-04-10;1292.27
2007-04-11;1293.41
2007-04-12;1283.57
2007-04-13;1275.72
2007-04-16;1276.76
2007-04-17;1266.04
2007-04-18;1267.43
2007-04-19;1269.96
2007-04-20;1266.55
2007-04-21;1270.52
2007-04-23;1278.66
2007-04-24;1280.63
2007-04-25;1274.21
2007-04-26;1266.61
2007-04-27;1273.59
2007-05-02;1265.87
2007-05-03;1245.21
2007-05-04;1243.89
2007-05-07;1221.07
2007-05-08;1225.48
2007-05-09;1235.08
2007-05-10;1232.48
2007-05-11;1255.79
2007-05-14;1274.36
2007-05-15;1285.66
2007-05-16;1290.52
2007-05-17;1290.24
2007-05-18;1297.08
2007-05-21;1307.1
2007-05-22;1331.12
2007-05-23;1320.02
2007-05-28;1330.41
2007-05-29;1338.51
2007-05-30;1338.27
2007-05-31;1335.53
2007-06-01;1339.81
2007-06-02;1343.53
2007-06-04;1349.12
2007-06-05;1353.75
2007-06-06;1358.72
2007-06-07;1358.48
2007-06-08;1347.14
2007-06-11;1341.03
2007-06-12;1336.92
2007-06-13;1348.9
2007-06-14;1347.41
2007-06-15;1349.3
2007-06-18;1348.21
2007-06-19;1364.54
2007-06-20;1362.67
2007-06-21;1384.94
2007-06-22;1387.78
2007-06-25;1378.12
2007-06-26;1385.21
2007-06-27;1390.51
2007-06-28;1400.17
2007-06-29;1411.61
2007-07-02;1433.29
2007-07-03;1468.79
2007-07-04;1498.59
2007-07-05;1495.13
2007-07-06;1502.37
2007-07-09;1520.71
2007-07-10;1524.64
2007-07-11;1534.74
2007-07-12;1543.44
2007-07-13;1527.27
2007-07-16;1519.94
2007-07-17;1500.26
2007-07-18;1483.3
2007-07-19;1489.68
2007-07-20;1489.76
2007-07-23;1505.05
2007-07-24;1524.44
2007-07-25;1545.29
2007-07-26;1573.89
2007-07-27;1542.84
2007-07-30;1544.99
2007-07-31;1569.7
2007-08-01;1568.16
2007-08-02;1610.35
2007-08-03;1604.84
2007-08-06;1594.12
2007-08-07;1602.89
2007-08-08;1606.68
2007-08-09;1588.96
2007-08-10;1579.23
2007-08-13;1564.21
2007-08-14;1566.61
2007-08-15;1573.92
2007-08-16;1569.12
2007-08-17;1531.97
2007-08-20;1551.29
2007-08-21;1554.06
2007-08-22;1549.45
2007-08-23;1550.52
2007-08-24;1555.08
2007-08-27;1564.98
2007-08-28;1579.52
2007-08-29;1583.48
2007-08-30;1593.67
2007-08-31;1606.46
2007-09-03;1605.62
2007-09-04;1610.47
2007-09-05;1619.14
2007-09-10;1627.09
2007-09-11;1658.26
2007-09-12;1636.09
2007-09-13;1637.4
2007-09-14;1665.12
2007-09-15;1677.2
2007-09-17;1687.25
2007-09-18;1701.15
2007-09-19;1725.65
2007-09-20;1745.13
2007-09-21;1781.25
2007-09-24;1785.61
2007-09-25;1792.06
2007-09-26;1820.27
2007-09-27;1839.43
2007-09-28;1849.69
2007-10-01;1861.52
2007-10-02;1903.69
2007-10-03;1941.57
2007-10-04;1950.11
2007-10-05;1952.28
2007-10-08;1943.65
2007-10-09;1901.5
2007-10-10;1917.5
2007-10-11;1916.79
2007-10-12;1946.55
2007-10-15;1952.4
2007-10-16;1928.27
2007-10-17;1879.64
2007-10-18;1896.57
2007-10-19;1913.1
2007-10-22;1895.54
2007-10-23;1886.05
2007-10-24;1888.2
2007-10-25;1908.15
2007-10-26;1923.17
2007-10-29;1939.75
2007-10-30;1943.08
2007-10-31;1934.45
2007-11-01;1915.63
2007-11-02;1891
2007-11-05;1845.51
2007-11-06;1851.94
2007-11-07;1878.24
2007-11-08;1860.97
2007-11-09;1823.36
2007-11-12;1769.61
2007-11-13;1743.43
2007-11-14;1779.36
2007-11-15;1766.9
2007-11-16;1749.65
2007-11-19;1725.03
2007-11-20;1657.88
2007-11-21;1661.69
2007-11-22;1658.47
2007-11-23;1649.46
2007-11-26;1644.32
2007-11-27;1643.37
2007-11-28;1674.58
2007-11-29;1710.34
2007-11-30;1764.49
2007-12-03;1777.04
2007-12-04;1744.93
2007-12-05;1744.79
2007-12-06;1733.09
2007-12-07;1760.28
2007-12-10;1729.02
2007-12-11;1709.99
2007-12-12;1716.3
2007-12-13;1718.07
2007-12-14;1708.45
2007-12-15;1716.2
2007-12-17;1703.94
2007-12-18;1659.67
2007-12-19;1656.54
2007-12-20;1731.24
2007-12-21;1767.88
2008-01-02;1737.42
2008-01-03;1707.48
2008-01-04;1705.88
2008-01-07;1692.67
2008-01-08;1679.53
2008-01-09;1673.13
2008-01-10;1670.99
2008-01-11;1660.13
2008-01-14;1634.61
2008-01-15;1561.34
2008-01-16;1482.39
2008-01-17;1499.99
2008-01-18;1490.09
2008-01-21;1391.92
2008-01-22;1384.29
2008-01-23;1381.29
2008-01-24;1321.03
2008-01-25;1402.76
2008-01-28;1373.81
2008-01-29;1354.75
2008-01-30;1363.97
2008-01-31;1403.3
2008-02-01;1377.59
2008-02-04;1422
2008-02-05;1428.47
2008-02-06;1408.96
2008-02-07;1412.64
2008-02-08;1422.35
2008-02-11;1422.11
2008-02-12;1410.63
2008-02-13;1415.61
2008-02-14;1424.75
2008-02-15;1421.82
2008-02-18;1407.78
2008-02-19;1411.22
2008-02-20;1421.29
2008-02-21;1413.18
2008-02-22;1413.24
2008-02-25;1426.8
2008-02-26;1409.92
2008-02-27;1423.64
2008-02-28;1417.19
2008-02-29;1429.56
2008-03-04;1386.51
2008-03-05;1385.61
2008-03-06;1382.24
2008-03-07;1359.72
2008-03-10;1348.94
2008-03-11;1333.51
2008-03-12;1329.98
2008-03-13;1341.88
2008-03-14;1344.23
2008-03-17;1294.58
2008-03-18;1268.27
2008-03-19;1276.62
2008-03-20;1230.37
2008-03-21;1185.5
2008-03-24;1199.44
2008-03-25;1235.21
2008-03-26;1262.5
2008-03-27;1244.53
2008-03-28;1246.97
2008-03-31;1254.99
2008-04-01;1211.82
2008-04-02;1218.88
2008-04-03;1204.48
2008-04-04;1203.5
2008-04-07;1202.87
2008-04-08;1206.09
2008-04-09;1212.64
2008-04-10;1203.61
2008-04-11;1199.85
2008-04-14;1185.29
2008-04-15;1164.65
2008-04-16;1142.01
2008-04-17;1122.48
2008-04-18;1147.84
2008-04-21;1165.43
2008-04-22;1155.14
2008-04-23;1139.9
2008-04-24;1139.23
2008-04-25;1147.84
2008-04-29;1151.8
2008-04-30;1138.48
2008-05-07;1131.82
2008-05-08;1119.9
2008-05-09;1142.38
2008-05-10;1161.92
2008-05-12;1184.04
2008-05-13;1217.96
2008-05-14;1198.09
2008-05-15;1198.97
2008-05-16;1223.82
2008-05-17;1237.34
2008-05-19;1276.52
2008-05-20;1268.74
2008-05-21;1251.83
2008-05-22;1251.94
2008-05-23;1250.12
2008-05-26;1216.38
2008-05-27;1216.15
2008-05-28;1245.13
2008-05-29;1244.08
2008-05-30;1260
2008-06-02;1240.14
2008-06-03;1239
2008-06-04;1235.15
2008-06-05;1227.36
2008-06-06;1225.34
2008-06-09;1208.67
2008-06-10;1196.91
2008-06-11;1194.24
2008-06-16;1194.28
2008-06-17;1188.64
2008-06-18;1206.01
2008-06-19;1193.11
2008-06-20;1194.5
2008-06-23;1171.68
2008-06-24;1135.82
2008-06-25;1151.85
2008-06-26;1152.69
2008-06-27;1141.47
2008-06-30;1153.9
2008-07-01;1128.61
2008-07-02;1130.39
2008-07-03;1106.62
2008-07-04;1114.76
2008-07-07;1111.93
2008-07-08;1100.63
2008-07-09;1101.04
2008-07-10;1106.83
2008-07-11;1092.49
2008-07-14;1083.64
2008-07-15;1068.76
2008-07-16;1022.74
2008-07-17;1035.68
2008-07-18;1021.02
2008-07-21;1024.13
2008-07-22;1027.5
2008-07-23;1023.11
2008-07-24;1033.31
2008-07-25;1028.19
2008-07-28;1018.75
2008-07-29;1006.51
2008-07-30;1023.26
2008-07-31;1014.33
2008-08-01;1012.57
2008-08-04;1000.57
2008-08-05;999.99
2008-08-06;1006.01
2008-08-07;1003.89
2008-08-08;1008.55
2008-08-11;1022.32
2008-08-12;1031.46
2008-08-13;1033.94
2008-08-14;1035.29
2008-08-15;1037.91
2008-08-18;1035.67
2008-08-19;1027.39
2008-08-20;1024.5
2008-08-21;1025.6
2008-08-22;1025.54
2008-08-25;1020.81
2008-08-26;1017.03
2008-08-27;1020.31
2008-08-28;1030.88
2008-08-29;1027.99
2008-09-01;1009.61
2008-09-02;996.26
2008-09-03;996.09
2008-09-04;989.22
2008-09-05;977.79
2008-09-08;986.34
2008-09-09;989.55
2008-09-10;986.22
2008-09-11;966.02
2008-09-12;959.17
2008-09-15;931.02
2008-09-16;885.42
2008-09-17;891.27
2008-09-18;839.35
2008-09-19;853.75
2008-09-23;846.76
2008-09-24;855.46
2008-09-25;848.74
2008-09-26;820.36
2008-09-29;850.22
2008-09-30;792.48
2008-10-01;802.94
2008-10-02;781.48
2008-10-03;751.67
2008-10-06;688.27
2008-10-07;654.42
2008-10-08;605.59
2008-10-09;638.76
2008-10-10;585.39
2008-10-13;600.8
2008-10-14;646.25
2008-10-15;641.46
2008-10-16;607.74
2008-10-17;618.46
2008-10-20;623.26
2008-10-21;637.36
2008-10-22;604.97
2008-10-23;598.51
2008-10-24;548.02
2008-10-27;526.76
2008-10-28;523.41
2008-10-29;513.12
2008-10-30;501.87
2008-10-31;492.18
2008-11-03;482.51
2008-11-04;480.33
2008-11-05;488.19
2008-11-06;472.05
2008-11-07;467.83
2008-11-10;465.95
2008-11-11;456.73
2008-11-12;439.74
2008-11-13;407.24
2008-11-14;391.47
2008-11-17;361.41
2008-11-18;322.6
2008-11-19;337.09
2008-11-20;319.04
2008-11-21;334.46
2008-11-24;344.49
2008-11-25;360.95
2008-11-26;353.81
2008-11-27;360.16
2008-11-28;363.27
2008-12-01;365.62
2008-12-02;355.14
2008-12-03;359.21
2008-12-04;367.29
2008-12-05;369.34
2008-12-08;370.72
2008-12-09;374.67
2008-12-10;372.2
2008-12-11;368
2008-12-12;361.32
2008-12-15;359.46
2008-12-16;355.92
2008-12-17;358.26
2008-12-18;355.54
2008-12-19;357.28
2008-12-22;361.58
2008-12-23;358.66
2009-01-05;359.58
2009-01-06;360.81
2009-01-07;359.39
2009-01-08;355.75
2009-01-09;355.14
2009-01-12;350.53
2009-01-13;346.87
2009-01-14;331.67
2009-01-15;318.52
2009-01-16;324.65
2009-01-19;327.07
2009-01-20;318.58
2009-01-21;309.7
2009-01-22;315.66
2009-01-23;307.42
2009-01-26;297.98
2009-01-27;290.57
2009-01-28;291.7
2009-01-29;291.35
2009-01-30;286.79
2009-02-02;273.11
2009-02-03;276.81
2009-02-04;278.64
2009-02-05;275.06
2009-02-06;272.52
2009-02-09;265.55
2009-02-10;263.84
2009-02-11;264.51
2009-02-12;266.86
2009-02-13;276.87
2009-02-16;274.32
2009-02-17;268.56
2009-02-18;264.76
2009-02-19;262.18
2009-02-20;260.79
2009-02-23;260
2009-02-24;259.95
2009-02-25;261.75
2009-02-26;262.01
2009-02-27;264.71
2009-03-04;265.34
2009-03-05;268.54
2009-03-06;275.14
2009-03-09;275.24
2009-03-10;278.04
2009-03-11;280.21
2009-03-12;277.56
2009-03-13;277.18
2009-03-16;265.34
2009-03-17;265.7
2009-03-18;263.32
2009-03-19;265.73
2009-03-20;269.28
2009-03-23;271.67
2009-03-24;277.93
2009-03-25;276.1
2009-03-26;283.88
2009-03-27;284.62
2009-03-30;280
2009-03-31;278.28
2009-04-01;279.97
2009-04-02;288.12
2009-04-03;295.59
2009-04-06;312.83
2009-04-07;302.87
2009-04-08;296.28
2009-04-09;302.31
2009-04-14;309.83
2009-04-15;308.05
2009-04-16;322.56
2009-04-17;336.34
2009-04-21;343.78
2009-04-22;361.83
2009-04-23;354.29
2009-04-24;347.31
2009-04-27;342.22
2009-04-28;336.51
2009-04-29;345.98
2009-04-30;358.51
2009-05-07;381.85
2009-05-08;383.39
2009-05-11;377.88
2009-05-12;377.8
2009-05-13;375.54
2009-05-14;366.87
2009-05-15;371.48
2009-05-18;371.38
2009-05-19;381.09
2009-05-20;377.8
2009-05-21;376.34
2009-05-22;377.65
2009-05-25;374.23
2009-05-26;371.59
2009-05-27;377.72
2009-05-28;376.68
2009-05-29;379.55
2009-06-01;382.08
2009-06-02;384.75
2009-06-03;379.34
2009-06-04;379.56
2009-06-05;378.97
2009-06-08;374.24
2009-06-09;374.33
2009-06-10;375.28
2009-06-11;373.36
2009-06-12;371.05
2009-06-15;366.26
2009-06-16;353.93
2009-06-17;351.97
2009-06-18;355.87
2009-06-19;361.29
2009-06-22;354.81
2009-06-23;350.37
2009-06-24;350.99
2009-06-25;354.09
2009-06-26;354.2
2009-06-29;357.9
2009-06-30;356.73
2009-07-01;356.2
2009-07-02;355.28
2009-07-03;353.31
2009-07-06;354.86
2009-07-07;354.82
2009-07-08;348.34
2009-07-09;347.2
2009-07-10;349.95
2009-07-13;347.33
2009-07-14;348.23
2009-07-15;345.6
2009-07-16;347.59
2009-07-17;349.02
2009-07-20;351.17
2009-07-21;354.02
2009-07-22;350.06
2009-07-23;347.23
2009-07-24;352.1
2009-07-27;353.36
2009-07-28;348.75
2009-07-29;347.35
2009-07-30;351.42
2009-07-31;356.01
2009-08-03;360.06
2009-08-04;371.92
2009-08-05;383.27
2009-08-06;388.79
2009-08-07;413.22
2009-08-10;439.79
2009-08-11;426.94
2009-08-12;434.16
2009-08-13;453.97
2009-08-14;454.34
2009-08-17;436.8
2009-08-18;439.95
2009-08-19;437.73
2009-08-20;436.84
2009-08-21;443.2
2009-08-24;458.41
2009-08-25;457.17
2009-08-26;456.03
2009-08-27;455.13
2009-08-28;461.29
2009-08-31;454
2009-09-01;445.21
2009-09-02;437.61
2009-09-03;447.82
2009-09-04;457.82
2009-09-07;471.12
2009-09-08;472.74
2009-09-09;474.68
2009-09-10;481.28
2009-09-11;484.85
2009-09-14;482.7
2009-09-15;489.76
2009-09-16;501.73
2009-09-17;511.34
2009-09-18;504.16
2009-09-23;506.17
2009-09-24;489.82
2009-09-25;491.2
2009-09-28;478.3
2009-09-29;486.14
2009-09-30;480.14
2009-10-01;476.18
2009-10-02;468.97
2009-10-05;463.33
2009-10-06;472.51
2009-10-07;470.11
2009-10-08;474.62
2009-10-09;475.02
2009-10-12;480.91
2009-10-13;477.17
2009-10-14;479.29
2009-10-15;481.88
2009-10-16;483.67
2009-10-19;481.7
2009-10-20;481.53
2009-10-21;475.49
2009-10-22;469.55
2009-10-23;475.7
2009-10-26;467.53
2009-10-27;461.34
2009-10-28;455.5
2009-10-29;453.43
2009-10-30;457.61
2009-11-02;451.27
2009-11-03;440.53
2009-11-04;444.09
2009-11-05;434.91
2009-11-06;442.5
2009-11-09;444.5
2009-11-10;447.27
2009-11-11;451.26
2009-11-12;454.07
2009-11-13;451.23
2009-11-16;462.42
2009-11-17;466
2009-11-18;466.37
2009-11-19;461.44
2009-11-20;461.7
2009-11-23;461.98
2009-11-24;458.8
2009-11-25;457.73
2009-11-26;454.17
2009-11-27;450.26
2009-11-30;451.76
2009-12-01;452.23
2009-12-02;452.34
2009-12-03;453.61
2009-12-04;452.67
2009-12-07;447.65
2009-12-08;442.29
2009-12-09;434.09
2009-12-10;431.46
2009-12-11;431.26
2009-12-14;428.86
2009-12-15;417.49
2009-12-16;417.24
2009-12-17;407.86
2009-12-18;412.59
2009-12-21;422.07
2009-12-22;422.8
2009-12-23;424.2
2009-12-28;427.27
2010-01-04;426.95
2010-01-05;425.13
2010-01-06;423.6
2010-01-07;428.65
2010-01-08;430.85
2010-01-11;437.99
2010-01-12;433.13
2010-01-13;433.34
2010-01-14;436.42
2010-01-15;435.84
2010-01-18;433.7
2010-01-19;433.52
2010-01-20;436.5
2010-01-21;435.28
2010-01-22;432.95
2010-01-25;429.1
2010-01-26;429.42
2010-01-27;432.29
2010-01-28;434.03
2010-01-29;435.5
2010-02-01;436.79
2010-02-02;440.44
2010-02-03;444.87
2010-02-04;441.37
2010-02-05;436.53
2010-02-08;437.64
2010-02-09;436.68
2010-02-10;439.86
2010-02-11;439.55
2010-02-12;440.58
2010-02-15;436.4
2010-02-16;436.8
2010-02-17;428.73
2010-02-18;429.48
2010-02-19;430.51
2010-02-22;428.68
2010-02-23;424.36
2010-02-24;425.48
2010-02-25;426.21
2010-02-26;423.78
2010-03-01;425.3
2010-03-02;422.88
2010-03-04;424.94
2010-03-05;425.84
2010-03-08;424.53
2010-03-09;421.79
2010-03-10;421.99
2010-03-11;419.2
2010-03-12;419.39
2010-03-15;420.16
2010-03-16;419.51
2010-03-17;421.49
2010-03-18;420.65
2010-03-19;423.21
2010-03-22;419.77
2010-03-23;421.94
2010-03-24;418.64
2010-03-25;418.04
2010-03-26;418.79
2010-03-29;418.8
2010-03-30;418.58
2010-03-31;421.44
2010-04-01;420.44
2010-04-06;423.01
2010-04-07;424.38
2010-04-08;422.97
2010-04-09;423.36
2010-04-12;425.53
2010-04-13;425.49
2010-04-14;425.57
2010-04-15;426.58
2010-04-16;423.63
2010-04-19;420.42
2010-04-20;422.25
2010-04-21;419.09
2010-04-22;421.95
2010-04-23;423.51
2010-04-26;421.06
2010-04-27;419.2
2010-04-28;417.75
2010-04-29;417.04
2010-04-30;416.96
2010-05-03;413.1
2010-05-04;414.06
2010-05-05;410.5
2010-05-10;408.81
2010-05-11;407.99
2010-05-12;407.5
2010-05-13;405.58
2010-05-14;401.55
2010-05-17;393.25
2010-05-18;392.76
2010-05-19;390.39
2010-05-20;379.28
2010-05-21;377.01
2010-05-25;365.21
2010-05-26;372.72
2010-05-27;378.13
2010-05-28;382.31
2010-05-31;381.68
2010-06-01;374.19
2010-06-02;373.54
2010-06-03;377.67
2010-06-04;375.87
2010-06-07;371.25
2010-06-08;371.28
2010-06-09;371.64
2010-06-10;371.99
2010-06-11;373.41
2010-06-14;373.69
2010-06-15;375.06
2010-06-16;376.27
2010-06-17;373.35
2010-06-18;373.44
2010-06-21;374.01
2010-06-22;372.38
2010-06-23;373.47
2010-06-24;372.61
2010-06-25;373.03
2010-06-28;371.61
2010-06-29;371.22
2010-06-30;373.02
2010-07-01;371.46
2010-07-02;370.7
2010-07-05;366.45
2010-07-06;365.24
2010-07-07;360.41
2010-07-08;362.52
2010-07-09;363.09
2010-07-12;361.44
2010-07-13;361.59
2010-07-14;364.82
2010-07-15;364.9
2010-07-16;361.72
2010-07-19;360
2010-07-20;359.06
2010-07-21;359.99
2010-07-22;359
2010-07-23;361.48
2010-07-26;358.7
2010-07-27;358.83
2010-07-28;362.65
2010-07-29;365.49
2010-07-30;370.01
2010-08-02;371.37
2010-08-03;374.72
2010-08-04;380.11
2010-08-05;386.49
2010-08-06;392.45
2010-08-09;392.39
2010-08-10;393.04
2010-08-11;394.47
2010-08-12;394.67
2010-08-13;397.2
2010-08-16;393.44
2010-08-17;391.77
2010-08-18;395.28
2010-08-19;392.38
2010-08-20;389.11
2010-08-23;385.82
2010-08-24;385.11
2010-08-25;383.48
2010-08-26;387.18
2010-08-27;387.13
2010-08-30;387.23
2010-08-31;388.95
2010-09-01;391.72
2010-09-02;391.52
2010-09-03;392.81
2010-09-07;391.55
2010-09-08;392.16
2010-09-09;392.24
2010-09-10;391.59
2010-09-13;393.53
2010-09-14;396.54
2010-09-15;397.74
2010-09-16;398.78
2010-09-17;392.06
2010-09-20;392.76
2010-09-21;391.75
2010-09-23;387.52
2010-09-24;383.74
2010-09-27;387.68
2010-09-28;388.1
2010-09-29;387.98
2010-09-30;387.12
2010-10-01;384.95
2010-10-04;381.41
2010-10-05;372.59
2010-10-06;376.46
2010-10-07;373.64
2010-10-08;369.68
2010-10-11;369.83
2010-10-12;369.36
2010-10-13;372.28
2010-10-14;367.23
2010-10-15;365.09
2010-10-18;363.07
2010-10-19;361.74
2010-10-20;354.45
2010-10-21;346.39
2010-10-22;344.01
2010-10-25;342.71
2010-10-26;345.23
2010-10-27;345.96
2010-10-28;359.39
2010-10-29;354.57
2010-11-01;361.21
2010-11-02;353
2010-11-03;343.97
2010-11-04;342.3
2010-11-05;341.04
2010-11-08;342.98
2010-11-09;347.39
2010-11-10;348.71
2010-11-11;345.92
2010-11-12;344.58
2010-11-15;344.2
2010-11-16;344.36
2010-11-17;346.2
2010-11-18;348.1
2010-11-19;348.75
2010-11-22;351.56
2010-11-23;353.79
2010-11-24;356.35
2010-11-25;360.13
2010-11-26;361.02
2010-11-29;358.67
2010-11-30;356.19
2010-12-01;357.15
2010-12-02;352.36
2010-12-03;352.77
2010-12-06;354.39
2010-12-07;355.59
2010-12-08;356.41
2010-12-09;358.56
2010-12-10;359.73
2010-12-13;359.9
2010-12-14;361.72
2010-12-15;362.06
2010-12-16;360.12
2010-12-17;360.6
2010-12-20;361.54
2010-12-21;363.03
2010-12-22;369.7
2010-12-23;370.92
2010-12-27;370.21
2010-12-28;369.31
2010-12-29;370.73
2010-12-30;362.35
2011-01-03;362.66
2011-01-04;367.03
2011-01-05;364.36
2011-01-06;364.58
2011-01-07;364.98
2011-01-10;361.73
2011-01-11;364.65
2011-01-12;364.68
2011-01-13;367.65
2011-01-14;371.88
2011-01-17;377.44
2011-01-18;383.18
2011-01-19;380.39
2011-01-20;379.6
2011-01-21;381.83
2011-01-24;387.31
2011-01-25;391.83
2011-01-26;396.6
2011-01-27;399.95
2011-01-28;403.35
2011-01-31;398.15
2011-02-01;406.25
2011-02-02;419.24
2011-02-03;433.74
2011-02-04;424.4
2011-02-07;407.46
2011-02-08;417.13
2011-02-09;421.85
2011-02-10;426.6
2011-02-11;428.73
2011-02-14;436.05
2011-02-15;448.18
2011-02-16;451.56
2011-02-17;448.9
2011-02-18;451.53
2011-02-21;450.25
2011-02-22;447.08
2011-02-23;434.77
2011-02-24;426.77
2011-02-25;442.6
2011-02-28;449.9
2011-03-01;443.81
2011-03-02;440.72
2011-03-07;441.79
2011-03-08;444.09
2011-03-09;446.86
2011-03-10;445.78
2011-03-11;436.78
2011-03-14;433.8
2011-03-15;424.69
2011-03-16;434.24
2011-03-17;435.12
2011-03-18;432.39
2011-03-21;436.49
2011-03-22;437.24
2011-03-23;436.79
2011-03-24;438.22
2011-03-25;439.6
2011-03-28;440.71
2011-03-29;442.81
2011-03-30;443.53
2011-03-31;445.43
2011-04-01;445.77
2011-04-04;446.51
2011-04-05;445.41
2011-04-06;445.4
2011-04-07;446.42
2011-04-08;443.86
2011-04-11;445.34
2011-04-12;442.62
2011-04-13;439.8
2011-04-14;443.45
2011-04-15;442.79
2011-04-18;441.59
2011-04-19;441.76
2011-04-20;441.82
2011-04-21;441.59
2011-04-26;440.42
2011-04-27;441.33
2011-04-28;441.18
2011-04-29;441.29
2011-05-02;442.21
2011-05-03;441.28
2011-05-04;442.49
2011-05-05;441.23
2011-05-09;440.67
2011-05-10;441.97
2011-05-11;443.29
2011-05-12;442.73
2011-05-13;442.39
2011-05-16;441.61
2011-05-17;439.24
2011-05-18;439.04
2011-05-19;437.19
2011-05-20;436.73
2011-05-25;432.94
2011-05-26;434.35
2011-05-27;432.38
2011-05-30;426.16
2011-05-31;431.15
2011-06-01;425.76
2011-06-02;426.01
2011-06-03;419.03
2011-06-06;408.91
2011-06-07;412.96
2011-06-08;414.91
2011-06-09;412.65
2011-06-10;412.51
2011-06-13;412.32
2011-06-14;414.47
2011-06-15;412.77
2011-06-16;412.62
2011-06-17;411.67
2011-06-20;408.28
2011-06-21;410.16
2011-06-22;408.8
2011-06-23;407.89
2011-06-24;408.99
2011-06-27;407.35
2011-06-28;408.89
2011-06-29;415.84
2011-06-30;413.77
2011-07-01;411.36
2011-07-04;412.21
2011-07-05;412.75
2011-07-06;409.95
2011-07-07;411.54
2011-07-08;418.41
2011-07-11;417.28
2011-07-12;413.86
2011-07-13;412.79
2011-07-14;417.21
2011-07-15;419.03
2011-07-18;417.91
2011-07-19;421.16
2011-07-20;420.99
2011-07-21;420.66
2011-07-22;421.02
2011-07-25;419.99
2011-07-26;415.84
2011-07-27;418.91
2011-07-28;417.21
2011-07-29;416.76
2011-08-01;420.54
2011-08-02;414.61
2011-08-03;409.27
2011-08-04;408.24
2011-08-05;399.33
2011-08-08;390.07
2011-08-09;378.89
2011-08-10;388.2
2011-08-11;377.53
2011-08-12;383.79
2011-08-15;384.11
2011-08-16;379.35
2011-08-17;376.19
2011-08-18;375.01
2011-08-19;367.71
2011-08-22;367.06
2011-08-23;371.65
2011-08-24;371.29
2011-08-25;374.6
2011-08-26;373.45
2011-08-29;372.83
2011-08-30;376.41
2011-08-31;378.15
2011-09-01;377.55
2011-09-02;376.12
2011-09-07;370.67
2011-09-08;371.66
2011-09-09;370.73
2011-09-12;366.23
2011-09-13;363.04
2011-09-14;365.5
2011-09-15;365.46
2011-09-16;362.97
2011-09-19;359.16
2011-09-20;360.12
2011-09-21;354.31
2011-09-26;348.05
2011-09-27;348.36
2011-09-28;350.98
2011-09-29;353.77
2011-09-30;347.01
2011-10-03;339.79
2011-10-04;330.82
2011-10-05;333.1
2011-10-06;333.11
2011-10-07;336.08
2011-10-10;337.1
2011-10-11;336.93
2011-10-12;336.79
2011-10-13;336.68
2011-10-14;337.82
2011-10-17;342.12
2011-10-18;339.49
2011-10-19;344.27
2011-10-20;341.94
2011-10-21;343.52
2011-10-24;344.37
2011-10-25;344.12
2011-10-26;342.59
2011-10-27;343.68
2011-10-28;343.68
2011-10-31;341.63
2011-11-01;340.23
2011-11-02;336.91
2011-11-03;338.28
2011-11-04;339.86
2011-11-07;338.06
2011-11-08;338.04
2011-11-09;336.4
2011-11-10;334.47
2011-11-11;333.86
2011-11-14;332.7
2011-11-15;334.04
2011-11-16;332.68
2011-11-17;327.34
2011-11-18;322.8
2011-11-21;322.16
2011-11-22;322.19
2011-11-23;319.88
2011-11-24;317.86
2011-11-25;313.1
2011-11-28;310.42
2011-11-29;309.68
2011-11-30;308.85
2011-12-01;311.05
2011-12-02;310.85
2011-12-05;306.7
2011-12-06;305.44
2011-12-07;302.59
2011-12-08;302.72
2011-12-09;302.91
2011-12-12;302.82
2011-12-13;301.01
2011-12-14;302.06
2011-12-15;302.64
2011-12-16;301.42
2011-12-19;301.89
2011-12-20;301.88
2011-12-21;306.72
2011-12-22;314.75
2011-12-23;317.51
2011-12-27;322.35
2011-12-28;324.84
2011-12-29;320.46
2011-12-30;322.11
2012-01-03;318.03
2012-01-04;320.62
2012-01-05;315.33
2012-01-06;314.38
2012-01-09;313.65
2012-01-10;314.85
2012-01-11;314.75
2012-01-12;313.79
2012-01-13;314.52
2012-01-16;313.17
2012-01-17;314.81
2012-01-18;316.57
2012-01-19;314.88
2012-01-20;313.01
2012-01-23;316.11
2012-01-24;313.47
2012-01-25;315.86
2012-01-26;318.28
2012-01-27;320.65
2012-01-30;318.57
2012-01-31;322.88
2012-02-01;321.49
2012-02-02;317.1
2012-02-03;317.73
2012-02-06;318.28
2012-02-07;312.59
2012-02-08;312.76
2012-02-09;308.52
2012-02-10;308.49
2012-02-13;308.82
2012-02-14;305.23
2012-02-15;310.18
2012-02-16;307.22
2012-02-17;309.33
2012-02-20;310.59
2012-02-21;309.26
2012-02-22;306.41
2012-02-23;306.25
2012-02-24;305.81
2012-02-27;305.98
2012-02-28;308.94
2012-02-29;313.48
2012-03-01;313.53
2012-03-02;313.38
2012-03-05;312.99
2012-03-06;312.01
2012-03-07;312.09
2012-03-08;311.15
2012-03-09;309.27
2012-03-12;310.17
2012-03-13;309.83
2012-03-14;310.62
2012-03-15;314.11
2012-03-16;311.27
2012-03-19;308.79
2012-03-20;308.95
2012-03-21;309.83
2012-03-22;307.89
2012-03-23;309.82
2012-03-26;310.65
2012-03-27;308.97
2012-03-28;308.75
2012-03-29;309.49
2012-03-30;308.91
2012-04-02;311.36
2012-04-03;309.37
2012-04-04;308.63
2012-04-05;306.15
2012-04-10;302.02
2012-04-11;301.51
2012-04-12;303.59
2012-04-17;303.44
2012-04-18;303.43
2012-04-19;304.59
2012-04-20;303.16
2012-04-23;302.46
2012-04-24;301.38
2012-04-25;302.11
2012-04-26;300.06
2012-04-27;301.76
2012-05-02;301.7
2012-05-03;303.32
2012-05-04;302.69
2012-05-07;301.24
2012-05-08;299.06
2012-05-09;300.27
2012-05-10;303.62
2012-05-11;306.31
2012-05-14;306.89
2012-05-15;307.23
2012-05-16;305.38
2012-05-17;304.54
2012-05-18;303.25
2012-05-21;305.03
2012-05-22;301.92
2012-05-23;301.34
2012-05-28;299.65
2012-05-29;298.86
2012-05-30;299.17
2012-05-31;293.96
2012-06-01;288.2
2012-06-04;294.94
2012-06-05;294.43
2012-06-06;297.13
2012-06-07;291.67
2012-06-08;291.73
2012-06-11;293.25
2012-06-12;290.78
2012-06-13;289.87
2012-06-14;289.71
2012-06-15;288.5
2012-06-18;290.83
2012-06-19;290.36
2012-06-20;287.65
2012-06-21;289.59
2012-06-22;291.37
2012-06-25;292.25
2012-06-26;292.53
2012-06-27;292.19
2012-06-28;291.91
2012-06-29;292.99
2012-07-02;296.59
2012-07-03;295.74
2012-07-04;293.81
2012-07-05;290.16
2012-07-06;289.02
2012-07-09;291.17
2012-07-10;290.95
2012-07-11;293.55
2012-07-12;295.19
2012-07-13;291.62
2012-07-16;296.2
2012-07-17;297.31
2012-07-18;299.43
2012-07-19;301.2
2012-07-20;301.31
2012-07-23;299.26
2012-07-24;302.21
2012-07-25;303.49
2012-07-26;308.08
2012-07-27;308.62
2012-07-30;309.76
2012-07-31;313.58
2012-08-01;313.02
2012-08-02;314.48
2012-08-03;312.9
2012-08-06;314.09
2012-08-07;315.02
2012-08-08;315.31
2012-08-09;313.94
2012-08-10;313.44
2012-08-13;314.39
2012-08-14;316.35
2012-08-15;318.39
2012-08-16;319.09
2012-08-17;320.94
2012-08-20;321.48
2012-08-21;321.85
2012-08-22;322.65
2012-08-23;323.22
2012-08-24;324.89
2012-08-27;323.06
2012-08-28;323.3
2012-08-29;323.16
2012-08-30;321.05
2012-08-31;322.38
2012-09-03;319.83
2012-09-04;321.01
2012-09-05;319.51
2012-09-10;320.04
2012-09-11;320.67
2012-09-12;321.15
2012-09-13;320.59
2012-09-14;318.68
2012-09-17;318.93
2012-09-18;320.61
2012-09-19;320.45
2012-09-20;317.4
2012-09-21;320.15
2012-09-24;316.98
2012-09-25;318.45
2012-09-26;318.38
2012-09-27;321.27
2012-09-28;323.97
2012-10-01;325.77
2012-10-02;329.41
2012-10-03;323.96
2012-10-04;318.44
2012-10-05;319.04
2012-10-08;318.54
2012-10-09;319.93
2012-10-10;318.51
2012-10-11;322.05
2012-10-12;324.16
2012-10-15;326.46
2012-10-16;326.45
2012-10-17;326.48
2012-10-18;326.69
2012-10-19;324.55
2012-10-22;321.23
2012-10-23;319.68
2012-10-24;324.34
2012-10-25;321.48
2012-10-26;327.65
2012-10-29;330.41
2012-10-30;320.33
2012-10-31;329.7
2012-11-01;329.23
2012-11-02;330.8
2012-11-05;332.41
2012-11-06;334.32
2012-11-07;332.43
2012-11-08;333.28
2012-11-09;331.48
2012-11-12;329.47
2012-11-13;327.7
2012-11-14;328.01
2012-11-15;329.51
2012-11-16;330.1
2012-11-19;325.91
2012-11-20;323.08
2012-11-21;323.81
2012-11-22;326.91
2012-11-23;325.92
2012-11-26;324.36
2012-11-27;326.86
2012-11-28;324.28
2012-11-29;326.78
2012-11-30;327.57
2012-12-03;329.13
2012-12-04;328.92
2012-12-05;331.04
2012-12-06;330.99
2012-12-07;329.74
2012-12-10;329.85
2012-12-11;331.28
2012-12-12;331.03
2012-12-13;331.06
2012-12-14;327.44
2012-12-17;327.44
2012-12-18;326.34
2012-12-19;327.37
2012-12-20;330.99
2012-12-21;331.6
2012-12-27;341.28
2012-12-28;345.46
2013-01-02;343.72
2013-01-03;347.21
2013-01-04;350.47
2013-01-07;352.54
2013-01-08;354.13
2013-01-09;360.27
2013-01-10;361.65
2013-01-11;365.26
2013-01-14;364.8
2013-01-15;360.38
2013-01-16;360.88
2013-01-17;363.16
2013-01-18;363.23
2013-01-21;362.8
2013-01-22;368.13
2013-01-23;370.11
2013-01-24;378.32
2013-01-25;384.61
2013-01-28;391.82
2013-01-29;388.57
2013-01-30;397.12
2013-01-31;399.59
2013-02-01;397.16
2013-02-04;388.34
2013-02-05;388.67
2013-02-06;390.43
2013-02-07;397.01
2013-02-08;398.72
2013-02-11;401.56
2013-02-12;411.96
2013-02-13;412.63
2013-02-14;410.25
2013-02-15;408.42
2013-02-18;401.77
2013-02-19;393.29
2013-02-20;382.7
2013-02-21;387.17
2013-02-22;387.67
2013-02-25;383.38
2013-02-26;366.52
2013-02-27;373.37
2013-02-28;382.04
2013-03-01;382.84
2013-03-04;378.94
2013-03-05;382.69
2013-03-06;384.65
2013-03-07;386
2013-03-08;389.87
2013-03-11;382.16
2013-03-12;388.18
2013-03-13;382.44
2013-03-14;377.96
2013-03-15;379.54
2013-03-18;375.18
2013-03-19;375.15
2013-03-20;377.15
2013-03-21;379.41
2013-03-22;380.91
2013-03-25;381.53
2013-03-26;381.67
2013-03-27;381.31
2013-03-28;384.29
2013-04-02;383.48
2013-04-03;382.13
2013-04-04;382.77
2013-04-05;381.12
2013-04-08;384.25
2013-04-09;382.87
2013-04-10;387.89
2013-04-11;386.68
2013-04-12;383.85
2013-04-15;384.09
2013-04-16;385.92
2013-04-17;383.2
2013-04-18;383.78
2013-04-19;385.18
2013-04-22;386.63
2013-04-23;387.01
2013-04-24;395.46
2013-04-25;397.25
2013-04-26;396.71
2013-04-29;398.41
2013-04-30;400.19
2013-05-07;406.91
2013-05-08;408.29
2013-05-09;409.54
2013-05-10;408.55
2013-05-13;407.21
2013-05-14;406.47
2013-05-15;412.07
2013-05-16;412.72
2013-05-17;407.9
2013-05-20;413.57
2013-05-21;412.31
2013-05-22;414.48
2013-05-23;415.42
2013-05-27;417.64
2013-05-28;418.68
2013-05-29;421.95
2013-05-30;429.85
2013-05-31;430.15
2013-06-03;426.32
2013-06-04;430.1
2013-06-05;436.47
2013-06-06;436.24
2013-06-07;442.14
2013-06-10;443.96
2013-06-11;448.23
2013-06-12;444.46
2013-06-13;443.52
2013-06-14;441.85
2013-06-17;438.76
2013-06-18;435.08
2013-06-19;441.14
2013-06-20;436.66
2013-06-21;438.6
2013-06-24;440.4
2013-06-25;439.17
2013-06-26;443.29
2013-06-27;443.1
2013-06-28;443.77
2013-07-01;441.99
2013-07-02;437.7
2013-07-03;437.4
2013-07-04;440.08
2013-07-05;440.25
2013-07-08;441.31
2013-07-09;436.82
2013-07-10;438.69
2013-07-11;438.97
2013-07-12;440.22
2013-07-15;440.44
2013-07-16;440.97
2013-07-17;442.68
2013-07-18;443.83
2013-07-19;444.2
2013-07-22;449.18
2013-07-23;451.14
2013-07-24;452.34
2013-07-25;456.18
2013-07-26;450.7
2013-07-29;450.54
2013-07-30;457.16
2013-07-31;462.04
2013-08-01;459.85
2013-08-02;456.41
2013-08-05;452.24
2013-08-06;453.32
2013-08-07;448.31
2013-08-08;446.26
2013-08-09;445.61
2013-08-12;443.88
2013-08-13;445.22
2013-08-14;446.23
2013-08-15;449.03
2013-08-16;448.59
2013-08-19;450.85
2013-08-20;449.85
2013-08-21;448.01
2013-08-22;450.93
2013-08-23;450.73
2013-08-26;449.22
2013-08-27;447.08
2013-08-28;443.11
2013-08-29;445.27
2013-08-30;444.17
2013-09-02;445.06
2013-09-03;443.78
2013-09-04;448.92
2013-09-05;450.51
2013-09-09;450.8
2013-09-10;450
2013-09-11;450.38
2013-09-12;451.72
2013-09-13;449.87
2013-09-16;454.31
2013-09-17;459.35
2013-09-18;457.45
2013-09-19;460.54
2013-09-20;464.31
2013-09-23;462.37
2013-09-24;462.03
2013-09-25;461.06
2013-09-26;458.83
2013-09-27;459.31
2013-09-30;456.2
2013-10-01;455.09
2013-10-02;455.05
2013-10-03;456.9
2013-10-04;454.57
2013-10-07;456.23
2013-10-08;452.27
2013-10-09;449.56
2013-10-10;454.45
2013-10-11;454.47
2013-10-14;453.43
2013-10-15;451.9
2013-10-16;451.64
2013-10-17;453.47
2013-10-18;454.98
2013-10-21;451.02
2013-10-22;458.77
2013-10-23;456.95
2013-10-24;456.05
2013-10-25;458.94
2013-10-28;457.59
2013-10-29;455.95
2013-10-30;460.2
2013-10-31;455.86
2013-11-01;454.06
2013-11-04;457.44
2013-11-05;457.11
2013-11-06;460
2013-11-07;463.9
2013-11-08;463.5
2013-11-11;464.77
2013-11-12;462.93
2013-11-13;463
2013-11-14;463.19
2013-11-15;462.89
2013-11-18;461.34
2013-11-19;460.98
2013-11-20;461.31
2013-11-21;460.89
2013-11-22;464.22
2013-11-25;464.14
2013-11-26;463.53
2013-11-27;462.63
2013-11-28;463.37
2013-11-29;468.47
2013-12-02;466.68
2013-12-03;467.79
2013-12-04;471.81
2013-12-05;472.91
2013-12-06;473.62
2013-12-09;474.53
2013-12-10;474.37
2013-12-11;480.26
2013-12-12;478.96
2013-12-13;481.09
2013-12-16;475.47
2013-12-17;477.48
2013-12-18;475.76
2013-12-19;483.93
2013-12-20;485.5
2013-12-27;491.39
2013-12-30;491.52
2014-01-02;493.68
2014-01-03;493.55
2014-01-06;498.51
2014-01-07;510.31
2014-01-08;520.38
2014-01-09;522.87
2014-01-10;523.87
2014-01-13;525.73
2014-01-14;525.69
2014-01-15;529.68
2014-01-16;537.79
2014-01-17;536.53
2014-01-20;534.69
2014-01-21;532.11
2014-01-22;531.12
2014-01-23;538.73
2014-01-24;543.42
2014-01-27;546.67
2014-01-28;549.16
2014-01-29;550.9
2014-01-30;544.69
2014-01-31;546.83
2014-02-03;549.67
2014-02-04;556.77
2014-02-05;558.52
2014-02-06;560.77
2014-02-07;561.01
2014-02-10;575.8
2014-02-11;578.83
2014-02-12;578.67
2014-02-13;574.02
2014-02-14;576.58
2014-02-17;576.67
2014-02-18;574.57
2014-02-19;574.54
2014-02-20;580.6
2014-02-21;585.92
2014-02-24;588.14
2014-02-25;594.1
2014-02-26;594.3
2014-02-27;596.2
2014-02-28;594.42
2014-03-04;590.1
2014-03-05;597.06
2014-03-06;605.94
2014-03-07;608.65
2014-03-10;606.97
2014-03-11;617.77
2014-03-12;615.44
2014-03-13;617.95
2014-03-14;601.62
2014-03-17;607.84
2014-03-18;605.38
2014-03-19;593.1
2014-03-20;584.19
2014-03-21;592.2
2014-03-24;596.24
2014-03-25;599
2014-03-26;601.16
2014-03-27;599.94
2014-03-28;600
2014-03-31;600.32
2014-04-01;601.09
2014-04-02;617.48
2014-04-03;622.85
2014-04-04;617.61
2014-04-07;616.01
2014-04-08;608.73
2014-04-09;600.75
2014-04-10;604.23
2014-04-11;600.37
2014-04-14;598.18
2014-04-15;595.21
2014-04-16;599.27
2014-04-17;600.01
2014-04-22;602.47
2014-04-23;600.68
2014-04-24;605.56
2014-04-25;603.74
2014-04-28;602.46
2014-04-29;602.91
2014-04-30;601.98
2014-05-07;603
2014-05-08;600.62
2014-05-09;604.11
2014-05-12;599.76
2014-05-13;599.76
2014-05-14;594.31
2014-05-15;591.58
2014-05-16;590.86
2014-05-19;592.94
2014-05-20;592.52
2014-05-21;594.61
2014-05-22;594.43
2014-05-23;590.99
2014-05-26;593.03
2014-05-27;595.62
2014-05-28;593.82
2014-05-29;596.78
2014-05-30;605.22
2014-06-02;602.56
2014-06-03;596.7
2014-06-04;594.65
2014-06-05;589.27
2014-06-06;584.74
2014-06-09;583.56
2014-06-10;581.48
2014-06-11;577.08
2014-06-12;574.93
2014-06-13;571.82
2014-06-16;568.24
2014-06-17;564.71
2014-06-18;557.36
2014-06-19;559.74
2014-06-20;538.9
2014-06-23;554.31
2014-06-24;552.42
2014-06-25;550.5
2014-06-26;525.03
2014-06-27;521.18
2014-06-30;551.41
2014-07-01;564.38
2014-07-02;561.52
2014-07-03;561.64
2014-07-04;564.67
2014-07-07;551.08
2014-07-08;550.97
2014-07-09;546.79
2014-07-10;546.33
2014-07-11;539.64
2014-07-14;524.33
2014-07-15;523.99
2014-07-16;530.84
2014-07-17;531.06
2014-07-18;539.54
2014-07-21;534.57
2014-07-22;536.86
2014-07-23;539.07
2014-07-24;540.12
2014-07-25;544.99
2014-07-28;547.87
2014-07-29;545.61
2014-07-30;540.16
2014-07-31;540.73
2014-08-01;544.19
2014-08-04;543.22
2014-08-05;542.14
2014-08-06;539.86
2014-08-07;540.11
2014-08-08;542.55
2014-08-11;539.55
2014-08-12;540.31
2014-08-13;538.22
2014-08-14;538.35
2014-08-15;540.62
2014-08-18;542.5
2014-08-19;545.42
2014-08-20;546.63
2014-08-21;542.76
2014-08-22;553.79
2014-08-25;550.63
2014-08-26;552.36
2014-08-27;556.84
2014-08-28;554.01
2014-08-29;549.39
2014-09-01;546.8
2014-09-02;553.62
2014-09-03;560
2014-09-04;559.96
2014-09-05;556.69
2014-09-08;555.34
2014-09-09;549.02
2014-09-10;551.43
2014-09-11;555.18
2014-09-12;551.94
2014-09-15;555.45
2014-09-16;552.93
2014-09-17;550.72
2014-09-18;546.26
2014-09-19;547.28
2014-09-23;544.25
2014-09-24;544.46
2014-09-25;543.48
2014-09-26;544.71
2014-09-29;543.59
2014-09-30;539.96
2014-10-01;538
2014-10-02;538.3
2014-10-03;536.27
2014-10-06;530.18
2014-10-07;533.49
2014-10-08;529.83
2014-10-09;531.87
2014-10-10;532.04
2014-10-13;532.69
2014-10-14;529.56
2014-10-15;525.95
2014-10-16;516.16
2014-10-17;518.29
2014-10-20;516.5
2014-10-21;513.93
2014-10-22;513.57
2014-10-23;509.76
2014-10-24;511.42
2014-10-27;510.14
2014-10-28;508.02
2014-10-29;512.29
2014-10-30;518.32
2014-10-31;520.31
2014-11-03;519.53
2014-11-04;517.62
2014-11-05;518.78
2014-11-06;527.27
2014-11-07;536.62
2014-11-10;532.15
2014-11-11;529.76
2014-11-12;527.28
2014-11-13;525.42
2014-11-14;524.91
2014-11-17;517.19
2014-11-18;521.23
2014-11-19;519.36
2014-11-20;519.82
2014-11-21;515.24
2014-11-24;517.46
2014-11-25;521.54
2014-11-26;520.49
2014-11-27;519.7
2014-11-28;514.42
2014-12-01;514.88
2014-12-02;516.06
2014-12-03;521.77
2014-12-04;524.02
2014-12-05;535.48
2014-12-08;547
2014-12-09;545.15
2014-12-10;538.75
2014-12-11;543.56
2014-12-12;544.07
2014-12-15;539.02
2014-12-16;527.59
2014-12-17;529.89
2014-12-18;519.91
2014-12-19;516.7
2014-12-22;521.03
2014-12-23;523.84
2014-12-29;528.14
2014-12-30;522.1
2015-01-05;519.83
2015-01-06;517.1
2015-01-07;509.97
2015-01-08;507.67
2015-01-09;500.98
2015-01-12;505.36
2015-01-13;501.54
2015-01-14;494.49
2015-01-15;497.12
2015-01-16;502.51
2015-01-19;499.97
2015-01-20;493.97
2015-01-21;495.64
2015-01-22;496.17
2015-01-23;497.33
2015-01-26;498.61
2015-01-27;499.63
2015-01-28;501.65
2015-01-29;498.42
2015-01-30;500.49
2015-02-02;499.7
2015-02-03;501.35
2015-02-04;502.05
2015-02-05;503.25
2015-02-06;500.36
2015-02-09;499.32
2015-02-10;500.98
2015-02-11;503.56
2015-02-12;494.32
2015-02-13;496.97
2015-02-16;493.92
2015-02-17;493.69
2015-02-18;486.61
2015-02-19;483.29
2015-02-20;487.82
2015-02-23;484.72
2015-02-24;482.47
2015-02-25;482.91
2015-02-26;486.02
2015-02-27;487.79
2015-03-04;484.02
2015-03-05;477.48
2015-03-06;476.39
2015-03-09;477.05
2015-03-10;479.49
2015-03-11;479.42
2015-03-12;485.01
2015-03-13;497.3
2015-03-16;501.5
2015-03-17;498.63
2015-03-18;498.66
2015-03-19;500.08
2015-03-20;504.22
2015-03-23;502.38
2015-03-24;505.77
2015-03-25;507.66
2015-03-26;508.69
2015-03-27;512.09
2015-03-30;510.95
2015-03-31;514.09
2015-04-01;517.3
2015-04-02;516.51
2015-04-07;515.03
2015-04-08;512.76
2015-04-09;513.21
2015-04-14;506.52
2015-04-15;507.22
2015-04-16;506.27
2015-04-17;506.11
2015-04-20;502.25
2015-04-21;497.58
2015-04-22;499.18
2015-04-23;499.12
2015-04-24;494.87
2015-04-27;494.42
2015-04-28;496.52
2015-04-29;497.65
2015-04-30;502.7
2015-05-04;504.84
2015-05-05;502.15
2015-05-07;500.31
2015-05-08;500.02
2015-05-11;490.54
2015-05-12;487.45
2015-05-13;484.79
2015-05-14;484.15
2015-05-15;485.52
2015-05-18;490.06
2015-05-19;487.32
2015-05-20;488.05
2015-05-21;484.25
2015-05-22;484.41
2015-05-25;481.56
2015-05-26;481.84
2015-05-27;480.44
2015-05-28;479.83
2015-05-29;482.92
2015-06-01;486.04
2015-06-02;489.17
2015-06-03;490.45
2015-06-04;488.07
2015-06-05;490.3
2015-06-08;488.48
2015-06-09;489.47
2015-06-10;490.88
2015-06-11;491.56
2015-06-12;488.82
2015-06-15;488.35
2015-06-16;478.99
2015-06-17;482.63
2015-06-18;483.88
2015-06-19;482.75
2015-06-22;482.18
2015-06-23;482.17
2015-06-24;482.35
2015-06-25;481.89
2015-06-26;482.55
2015-06-29;482.89
2015-06-30;485.25
2015-07-01;483.82
2015-07-02;481.76
2015-07-03;480.83
2015-07-06;479.61
2015-07-07;479.99
2015-07-08;472.97
2015-07-09;474.73
2015-07-10;472.22
2015-07-13;470.76
2015-07-14;470.58
2015-07-15;472.78
2015-07-16;473.9
2015-07-17;474.12
2015-07-20;477.03
2015-07-21;480.63
2015-07-22;481.99
2015-07-23;479.35
2015-07-24;476.44
2015-07-27;473.79
2015-07-28;481.77
2015-07-29;475.89
2015-07-30;476.98
2015-07-31;473.64
2015-08-03;473.89
2015-08-04;473.51
2015-08-05;472.87
2015-08-06;472.49
2015-08-07;476.14
2015-08-10;472.26
2015-08-11;472.44
2015-08-12;471.32
2015-08-13;472.45
2015-08-14;471.06
2015-08-17;469.32
2015-08-18;468.81
2015-08-19;469.29
2015-08-20;467.93
2015-08-21;467.79
2015-08-24;453.47
2015-08-25;458.28
2015-08-26;459.64
2015-08-27;457.41
2015-08-28;454.12
2015-08-31;459.44
2015-09-01;459.98
2015-09-02;455.25
2015-09-03;453.79
2015-09-04;456.39
2015-09-07;454.37
2015-09-08;454.43
2015-09-09;451.47
2015-09-10;450.72
2015-09-11;451.87
2015-09-14;452.46
2015-09-15;449.87
2015-09-16;447.04
2015-09-17;445.41
2015-09-18;444.44
2015-09-23;441.97
2015-09-24;445.28
2015-09-25;442.67
2015-09-28;444.76
2015-09-29;442.7
2015-09-30;442.34
2015-10-01;443.66
2015-10-02;443.77
2015-10-05;443.67
2015-10-06;439.48
2015-10-07;441.89
2015-10-08;445
2015-10-09;444.83
2015-10-12;442.86
2015-10-13;438.26
2015-10-14;439.84
2015-10-15;439.94
2015-10-16;439.65
2015-10-19;441.71
2015-10-20;443.48
2015-10-21;443.75
2015-10-22;443.49
2015-10-23;446.74
2015-10-26;447.42
2015-10-27;446
2015-10-28;444.07
2015-10-29;446.75
2015-10-30;446.91
2015-11-02;445.97
2015-11-03;445.93
2015-11-04;445.33
2015-11-05;442.64
2015-11-06;448.55
2015-11-09;450.4
2015-11-10;449.5
2015-11-11;444.49
2015-11-12;443.95
2015-11-13;441.52
2015-11-16;439.44
2015-11-17;443.59
2015-11-18;442.36
2015-11-19;442.55
2015-11-20;440.04
2015-11-23;443.6
2015-11-24;440.11
2015-11-25;434.38
2015-11-26;435.3
2015-11-27;437.79
2015-11-30;435.56
2015-12-01;436.87
2015-12-02;436.23
2015-12-03;435.42
2015-12-04;435.36
2015-12-07;435.26
2015-12-08;434.67
2015-12-09;433.47
2015-12-10;432.63
2015-12-11;436.58
2015-12-14;434.95
2015-12-15;436.16
2015-12-16;437.97
2015-12-17;440.78
2015-12-18;440.61
2015-12-21;442.23
2015-12-22;443.05
2015-12-23;448.08
2015-12-28;450.44
2015-12-29;460.79
2015-12-30;460.9
2016-01-04;457.21
2016-01-05;457.36
2016-01-06;457.7
2016-01-07;452.4
2016-01-08;457
2016-01-11;454.27
2016-01-12;454.33
2016-01-13;451.14
2016-01-14;451.44
2016-01-15;450.26
2016-01-18;446.11
2016-01-19;445.8
2016-01-20;443.16
2016-01-21;441.77
2016-01-22;444.46
2016-01-25;443.91
2016-01-26;444.43
2016-01-27;443.7
2016-01-28;443.8
2016-01-29;448.44
2016-02-01;453.54
2016-02-02;450.15
2016-02-03;448.76
2016-02-04;448.24
2016-02-05;450.07
2016-02-08;447.85
2016-02-09;445.96
2016-02-10;447.71
2016-02-11;444.49
2016-02-12;443.84
2016-02-15;444.31
2016-02-16;448.5
2016-02-17;447.59
2016-02-18;445.17
2016-02-19;443.67
2016-02-22;446.57
2016-02-23;446.89
2016-02-24;445.9
2016-02-25;444.12
2016-02-26;446.1
2016-02-29;447.42
2016-03-01;449.92
2016-03-02;446.76
2016-03-07;446.39
2016-03-08;443.65
2016-03-09;442.23
2016-03-10;444.1
2016-03-11;445.51
2016-03-14;448.41
2016-03-15;446.92
2016-03-16;448.11
2016-03-17;445.9
2016-03-18;448.16
2016-03-21;447.22
2016-03-22;446.88
2016-03-23;445.82
2016-03-24;444.3
2016-03-29;445.22
2016-03-30;444.06
2016-03-31;446.35
2016-04-01;446.25
2016-04-04;446.84
2016-04-05;443.45
2016-04-06;443.24
2016-04-07;441.24
2016-04-08;441.05
2016-04-11;441.62
2016-04-12;440.12
2016-04-13;437.94
2016-04-14;435.6
2016-04-15;436.7
2016-04-18;435.1
2016-04-19;435.18
2016-04-20;433.24
2016-04-21;434.26
2016-04-22;436.03
2016-04-25;433.88
2016-04-26;435.12
2016-04-27;438.71
2016-04-28;442.59
2016-05-03;441.29
2016-05-04;441.87
2016-05-05;444.51
2016-05-09;444.24
2016-05-10;440.47
2016-05-11;441.96
2016-05-12;440.18
2016-05-13;440.86
2016-05-16;440.4
2016-05-17;440.38
2016-05-18;437.72
2016-05-19;438.64
2016-05-20;439.18
2016-05-25;439.76
2016-05-26;439.74
2016-05-27;439.19
2016-05-30;441.06
2016-05-31;441.34
2016-06-01;443.11
2016-06-02;445.95
2016-06-03;442.7
2016-06-06;444.08
2016-06-07;446.79
2016-06-08;446.62
2016-06-09;449.71
2016-06-10;445.27
2016-06-13;448.25
2016-06-14;445.92
2016-06-15;454.02
2016-06-16;456.49
2016-06-17;456.73
2016-06-20;458.22
2016-06-21;458.8
2016-06-22;460.83
2016-06-23;461.6
2016-06-24;456.37
2016-06-27;453.99
2016-06-28;453.94
2016-06-29;451.47
2016-06-30;455.55
2016-07-01;454.45
2016-07-04;450.63
2016-07-05;451.03
2016-07-06;452.59
2016-07-07;454.06
2016-07-08;450.98
2016-07-11;451.08
2016-07-12;453.06
2016-07-13;453.47
2016-07-14;451.47
2016-07-15;450.1
2016-07-18;450.64
2016-07-19;450.73
2016-07-20;452.05
2016-07-21;457.62
2016-07-22;454.25
2016-07-25;455.75
2016-07-26;457.45
2016-07-27;456.98
2016-07-28;457.78
2016-07-29;458.18
2016-08-01;457.88
2016-08-02;458.37
2016-08-03;455.92
2016-08-04;458.13
2016-08-05;458.76
2016-08-08;456.32
2016-08-09;456.93
2016-08-10;458.58
2016-08-11;455.53
2016-08-12;459.04
2016-08-15;461.81
2016-08-16;463.69
2016-08-17;467.91
2016-08-18;468.67
2016-08-19;466.6
2016-08-22;470.56
2016-08-23;470.03
2016-08-24;472.2
2016-08-25;473.86
2016-08-26;473.77
2016-08-29;471.34
2016-08-30;468.49
2016-08-31;464.66
2016-09-01;469.49
2016-09-02;471.87
2016-09-07;469.25
2016-09-08;468.71
2016-09-09;471.91
2016-09-12;470.95
2016-09-13;474.59
2016-09-14;472.62
2016-09-15;474.12
2016-09-16;475.62
2016-09-19;476.81
2016-09-20;479.59
2016-09-21;484.93
2016-09-26;487.63
2016-09-27;493.26
2016-09-28;509.92
2016-09-29;510.16
2016-09-30;504.58
2016-10-03;507.07
2016-10-04;509.49
2016-10-05;508.89
2016-10-06;509.29
2016-10-07;507.51
2016-10-10;507.66
2016-10-11;509.59
2016-10-12;509.24
2016-10-13;510.34
2016-10-14;508.69
2016-10-17;506.28
2016-10-18;504.89
2016-10-19;506.31
2016-10-20;505.72
2016-10-21;507.67
2016-10-24;512.18
2016-10-25;517.58
2016-10-26;518.04
2016-10-27;517.52
2016-10-28;526.28
2016-10-31;531.82
2016-11-01;537.03
2016-11-02;533.51
2016-11-03;526.37
2016-11-04;530.21
2016-11-07;551.27
2016-11-08;558.16
2016-11-09;532.67
2016-11-10;541.45
2016-11-11;539.13
2016-11-14;534.62
2016-11-15;538.51
2016-11-16;534.48
2016-11-17;533.51
2016-11-18;530.91
2016-11-21;539.61
2016-11-22;545.95
2016-11-23;546.75
2016-11-24;552.33
2016-11-25;555.32
2016-11-28;556.33
2016-11-29;559.94
2016-11-30;562.82
2016-12-01;563.41
2016-12-02;563.82
2016-12-05;561.37
2016-12-06;567.64
2016-12-07;577.02
2016-12-08;579.97
2016-12-09;581.48
2016-12-12;582.7
2016-12-13;580.85
2016-12-14;582.97
2016-12-15;577.9
2016-12-16;578.45
2016-12-19;575.45
2016-12-20;573.46
2016-12-21;574.92
2016-12-22;576.44
2016-12-23;580.31
2016-12-27;583.31
2016-12-28;585.56
2016-12-29;586.51
2016-12-30;586.43
2017-01-03;587.1
2017-01-04;588.99
2017-01-05;589.61
2017-01-06;592
2017-01-09;595.74
2017-01-10;609.06
2017-01-11;610.99
2017-01-12;607.33
2017-01-13;602.14
2017-01-16;607.36
2017-01-17;606.46
2017-01-18;606.42
2017-01-19;605.09
2017-01-20;605.2
2017-01-23;605.22
2017-01-24;605.32
2017-01-25;611.33
2017-01-26;611.6
2017-01-27;610.1
2017-01-30;609.65
2017-01-31;602.28
2017-02-01;593.8
2017-02-02;598
2017-02-03;603.62
2017-02-06;606.45
2017-02-07;604.2
2017-02-08;603.65
2017-02-09;603.14
2017-02-10;604.47
2017-02-13;606.14
2017-02-14;600.74
2017-02-15;593.56
2017-02-16;594.18
2017-02-17;597.01
2017-02-20;608.28
2017-02-21;610.51
2017-02-22;610.35
2017-02-23;606.57
2017-02-24;607.38
2017-02-27;612.48
2017-02-28;611.12
2017-03-01;612.21
2017-03-02;613.07
2017-03-06;615.12
2017-03-07;621.96
2017-03-08;622.47
2017-03-09;621.08
2017-03-10;624.91
2017-03-13;619.46
2017-03-14;619.37
2017-03-15;623.28
2017-03-16;624.31
2017-03-17;634.98
2017-03-20;636.59
2017-03-21;639.32
2017-03-22;639.72
2017-03-23;639.35
2017-03-24;639.63
2017-03-27;638.34
2017-03-28;636.29
2017-03-29;633.34
2017-03-30;633.04
2017-03-31;633.99
2017-04-03;633.13
2017-04-04;636.03
2017-04-05;641.77
2017-04-06;643.93
2017-04-07;658.23
2017-04-10;654.24
2017-04-11;656.45
2017-04-12;656.59
2017-04-13;657.79
2017-04-18;652.89
2017-04-19;658.61
2017-04-20;653.62
2017-04-21;657.97
2017-04-24;657.93
2017-04-25;653.76
2017-04-26;650.75
2017-04-27;649.47
2017-04-28;657.29
2017-05-02;660.53
2017-05-03;664.71
2017-05-04;663.54
2017-05-05;660.81
2017-05-09;659.89
2017-05-10;658.06
2017-05-11;654.25
2017-05-12;654.97
2017-05-15;655.77
2017-05-16;660.87
2017-05-17;661.97
2017-05-18;659.51
2017-05-19;658.8
2017-05-22;655
2017-05-23;660.74
2017-05-25;658.5
2017-05-26;659.5
2017-05-29;655.51
2017-05-30;659.35
2017-05-31;661.23
2017-06-01;664.08
2017-06-02;670.48
2017-06-05;673.8
2017-06-06;675.82
2017-06-07;681.1
2017-06-08;677.39
2017-06-09;675.83
2017-06-12;681.39
2017-06-13;681.05
2017-06-14;681.81
2017-06-15;683.66
2017-06-16;685.12
2017-06-19;685.96
2017-06-20;687.32
2017-06-21;686.25
2017-06-22;683.59
2017-06-23;687.67
2017-06-26;691.48
2017-06-27;697.12
2017-06-28;702.21
2017-06-29;702.49
2017-06-30;703.46
2017-07-03;705.16
2017-07-04;711.44
2017-07-05;711.42
2017-07-06;711.12
2017-07-07;707.96
2017-07-10;709.26
2017-07-11;708.77
2017-07-12;711.17
2017-07-13;709.48
2017-07-14;713.1
2017-07-17;710.93
2017-07-18;707.1
2017-07-19;710.78
2017-07-20;712.97
2017-07-21;711.93
2017-07-24;712.83
2017-07-25;711.77
2017-07-26;714.59
2017-07-27;711.64
2017-07-28;710.98
2017-07-31;715.21
2017-08-01;713.3
2017-08-02;715.14
2017-08-03;720.14
2017-08-04;720.06
2017-08-07;724.21
2017-08-08;725.79
2017-08-09;727.06
2017-08-10;729.22
2017-08-11;725.48
2017-08-14;727.61
2017-08-15;729.28
2017-08-16;730.9
2017-08-17;729.19
2017-08-18;722.69
2017-08-21;720.71
2017-08-22;719.67
2017-08-23;723.02
2017-08-24;718.44
2017-08-25;714.03
2017-08-28;713.94
2017-08-29;711.13
2017-08-30;706.54
2017-08-31;705.44
2017-09-01;710.31
2017-09-04;705.7
2017-09-05;705.93
2017-09-07;705.87
2017-09-08;705.51
2017-09-11;700.46
2017-09-12;694.58
2017-09-13;689.74
2017-09-14;683.53
2017-09-15;680.83
2017-09-18;669.32
2017-09-19;670.33
2017-09-20;677.65
2017-09-21;678.65
2017-09-25;680.87
2017-09-26;683.35
2017-09-27;684.12
2017-09-28;689.37
2017-09-29;688.11
2017-10-02;687.75
2017-10-03;680.67
2017-10-04;677.35
2017-10-05;672.93
2017-10-06;679.5
2017-10-09;679.41
2017-10-10;676.26
2017-10-11;672.8
2017-10-12;668.31
2017-10-13;669.17
2017-10-16;670.28
2017-10-17;671.11
2017-10-18;670.55
2017-10-19;668.18
2017-10-20;667.82
2017-10-23;667.48
2017-10-24;652.55
2017-10-25;654.37
2017-10-26;655.9
2017-10-27;665.73
2017-10-30;669.99
2017-10-31;671.41
2017-11-01;670.9
2017-11-02;670.13
2017-11-03;675.28
2017-11-06;672.79
2017-11-07;674.34
2017-11-08;672.49
2017-11-09;671.73
2017-11-10;671.78
2017-11-13;669.22
2017-11-14;670.66
2017-11-15;669.04
2017-11-16;668.91
2017-11-17;668.87
2017-11-20;669.14
2017-11-21;669.97
2017-11-22;669.38
2017-11-23;667.91
2017-11-24;667.37
2017-11-27;666.01
2017-11-28;667.39
2017-11-29;667.27
2017-11-30;665.03
2017-12-01;667.02
2017-12-04;669.53
2017-12-05;668.19
2017-12-06;666.31
2017-12-07;665.37
2017-12-08;665.29
2017-12-11;665.47
2017-12-12;666.99
2017-12-13;666.74
2017-12-14;663.57
2017-12-15;664.67
2017-12-18;662.19
2017-12-19;662.8
2017-12-20;663.79
2017-12-21;665.76
2017-12-22;671.84
2017-12-28;675.57
2017-12-29;677.45
2018-01-02;684.71
2018-01-03;685.09
2018-01-04;691.01
2018-01-05;692.24
2018-01-08;688.88
2018-01-09;688.11
2018-01-10;697.93
2018-01-11;702.78
2018-01-12;710.02
2018-01-15;714.31
2018-01-16;715.4
2018-01-17;709.86
2018-01-18;711.2
2018-01-19;711.69
2018-01-22;708.02
2018-01-23;709.28
2018-01-24;706.89
2018-01-25;708.17
2018-01-26;709.62
2018-01-29;709.45
2018-01-30;710.8
2018-01-31;712.73
2018-02-01;711.82
2018-02-02;719.71
2018-02-05;716.12
2018-02-06;690.59
2018-02-07;701.4
2018-02-08;698.71
2018-02-09;693.87
2018-02-12;696.71
2018-02-13;698.05
2018-02-14;697.24
2018-02-15;693.64
2018-02-16;696.4
2018-02-19;692.02
2018-02-20;694.36
2018-02-21;691.71
2018-02-22;687.83
2018-02-23;687.26
2018-02-26;686.16
2018-02-27;687.57
2018-02-28;686.43
2018-03-01;684.74
2018-03-02;683.12
2018-03-06;681.67
2018-03-07;687.42
2018-03-08;682.94
2018-03-09;685.86
2018-03-12;681.36
2018-03-13;679.82
2018-03-14;679.68
2018-03-15;679.21
2018-03-16;679.98
2018-03-19;671.8
2018-03-20;660.72
2018-03-21;669.62
2018-03-22;667.67
2018-03-23;661.77
2018-03-26;653.82
2018-03-27;655.25
2018-03-28;654.09
2018-03-29;649.17
2018-04-03;653.14
2018-04-04;654.44
2018-04-05;659.03
2018-04-10;664.75
2018-04-11;660.64
2018-04-12;661.06
2018-04-13;663.22
2018-04-16;662.99
2018-04-17;661.25
2018-04-18;660.45
2018-04-19;662.79
2018-04-20;658.44
2018-04-23;659.1
2018-04-24;659.1
2018-04-25;663.11
2018-04-26;660.38
2018-04-27;658.2
2018-04-30;658.11
2018-05-02;654.28
2018-05-03;658.81
2018-05-04;652.88
2018-05-08;653.01
2018-05-09;652.18
2018-05-10;649.29
2018-05-11;645.51
2018-05-14;644.24
2018-05-15;643.17
2018-05-16;642.57
2018-05-17;649.98
2018-05-18;647.84
2018-05-21;646.24
2018-05-22;644.44
2018-05-23;642.9
2018-05-25;642.09
2018-05-28;639.3
2018-05-29;637.11
2018-05-30;634.25
2018-05-31;636.55
2018-06-01;637.89
2018-06-04;638.33
2018-06-05;633.77
2018-06-06;634.18
2018-06-07;631.71
2018-06-08;631.83
2018-06-11;629.59
2018-06-12;632.33
2018-06-13;634.71
2018-06-14;637.33
2018-06-15;627.9
2018-06-18;630.77
2018-06-19;630.96
2018-06-20;632.27
2018-06-21;631.43
2018-06-22;630.81
2018-06-25;632.4
2018-06-26;631.87
2018-06-27;633.54
2018-06-28;633.13
2018-06-29;634.26
2018-07-02;626.8
2018-07-03;626.53
2018-07-04;630.37
2018-07-05;629.51
2018-07-06;633.69
2018-07-09;628.36
2018-07-10;629.05
2018-07-11;624.94
2018-07-12;627.5
2018-07-13;627.07
2018-07-16;623.85
2018-07-17;624.47
2018-07-18;628.47
2018-07-19;630.55
2018-07-20;632.01
2018-07-23;633.41
2018-07-24;637.18
2018-07-25;636.02
2018-07-26;635.43
2018-07-27;632.31
2018-07-30;627.71
2018-07-31;634.03
2018-08-01;634.68
2018-08-02;639.31
2018-08-03;640.21
2018-08-06;639.4
2018-08-07;640.21
2018-08-08;640.46
2018-08-09;641.76
2018-08-10;639.34
2018-08-13;635.11
2018-08-14;632.5
2018-08-15;631.17
2018-08-16;633.62
2018-08-17;633.62
2018-08-20;634.14
2018-08-21;634.05
2018-08-22;629.47
2018-08-23;634.33
2018-08-24;636.32
2018-08-27;634.77
2018-08-28;630.52
2018-08-29;630.41
2018-08-30;633.96
2018-08-31;631.83
2018-09-03;630.07
2018-09-04;632.77
2018-09-05;628.11
2018-09-07;626.99
2018-09-10;628.8
2018-09-11;632.02
2018-09-12;631.44
2018-09-13;630.02
2018-09-14;629.37
2018-09-17;627.84
2018-09-18;629.86
2018-09-19;627.6
2018-09-20;627.08
2018-09-21;623.48
2018-09-25;623.52
2018-09-26;623.1
2018-09-27;623.63
2018-09-28;624.39
2018-10-01;625.74
2018-10-02;628.49
2018-10-03;622.17
2018-10-04;622.52
2018-10-05;623.41
2018-10-08;618.55
2018-10-09;617.13
2018-10-10;617.42
2018-10-11;609.09
2018-10-12;610.4
2018-10-15;610.75
2018-10-16;609.51
2018-10-17;610.26
2018-10-18;608.16
2018-10-19;608.18
2018-10-22;606.95
2018-10-23;597.06
2018-10-24;600.14
2018-10-25;598.78
2018-10-26;599.65
2018-10-29;602.38
2018-10-30;597.44
2018-10-31;596.81
2018-11-01;596.58
2018-11-02;596.8
2018-11-05;596.67
2018-11-06;594.29
2018-11-07;592.62
2018-11-08;595
2018-11-09;597.76
2018-11-12;596.08
2018-11-13;593.86
2018-11-14;594.78
2018-11-15;595.74
2018-11-16;595.31
2018-11-19;592.68
2018-11-20;586.98
2018-11-21;589.47
2018-11-22;587.87
2018-11-23;588.93
2018-11-26;584.9
2018-11-27;583.19
2018-11-28;584.72
2018-11-29;591.74
2018-11-30;592.12
2018-12-03;599.1
2018-12-04;601.34
2018-12-05;597.25
2018-12-06;592.45
2018-12-07;595.32
2018-12-10;593.16
2018-12-11;593.21
2018-12-12;593.06
2018-12-13;590.47
2018-12-14;589.6
2018-12-17;591.24
2018-12-18;592.12
2018-12-19;589.65
2018-12-20;588.81
2018-12-21;594.85
2018-12-27;589.09
2018-12-28;594.46
2019-01-02;586.12
2019-01-03;585.33
2019-01-04;579.83
2019-01-07;577.15
2019-01-08;577.33
2019-01-09;572.13
2019-01-10;571.18
2019-01-11;567.46
2019-01-14;568.05
2019-01-15;565.56
2019-01-16;563.49
2019-01-17;566.77
2019-01-18;567.05
2019-01-21;567.51
2019-01-22;567.11
2019-01-23;562.86
2019-01-24;573.57
2019-01-25;573.33
2019-01-28;573.51
2019-01-29;573.66
2019-01-30;575.27
2019-01-31;585.76
2019-02-01;583.98
2019-02-04;578.4
2019-02-05;579.06
2019-02-06;574.25
2019-02-07;570.97
2019-02-08;575.17
2019-02-11;573.4
2019-02-12;573.32
2019-02-13;573.94
2019-02-14;580.93
2019-02-15;577.24
2019-02-18;578.33
2019-02-19;578.1
2019-02-20;576.5
2019-02-21;577.94
2019-02-22;582.49
2019-02-25;593.05
2019-02-26;591.07
2019-02-27;588.41
2019-02-28;585.37
2019-03-01;585.06
2019-03-05;582.98
2019-03-06;583
2019-03-07;584.09
2019-03-08;582.51
2019-03-11;583.73
2019-03-12;578.46
2019-03-13;578.77
2019-03-14;579.5
2019-03-15;583.8
2019-03-18;586.02
2019-03-19;600.4
2019-03-20;588.88
2019-03-21;585.98
2019-03-22;582.34
2019-03-25;582.8
2019-03-26;578.37
2019-03-27;578.77
2019-03-28;574.39
2019-03-29;583.87
2019-04-01;580.9
2019-04-02;579.75
2019-04-03;581.9
2019-04-04;581.07
2019-04-05;580.19
2019-04-08;583.3
2019-04-09;576.58
2019-04-10;583.32
2019-04-11;579.03
2019-04-12;575.13
2019-04-15;575.43
2019-04-16;575.65
2019-04-17;575.51
2019-04-18;575.29
2019-04-23;570.6
2019-04-24;569.65
2019-04-25;573.77
2019-04-30;575.06
2019-05-02;572.12
2019-05-03;571.3
2019-05-07;567.7
2019-05-08;566.97
2019-05-09;568.88
2019-05-10;571.54
2019-05-13;567.25
2019-05-14;563.42
2019-05-15;566.36
2019-05-16;569.12
2019-05-17;568.87
2019-05-20;569.37
2019-05-21;568.83
2019-05-22;572.95
2019-05-23;573.51
2019-05-27;572.37
2019-05-28;571.8
2019-05-29;572.56
2019-05-30;582.14
2019-05-31;582.48
2019-06-03;580.39
2019-06-04;580.11
2019-06-05;577.63
2019-06-06;579.9
2019-06-07;576.48
2019-06-10;581.37
2019-06-11;580.34
2019-06-12;578.63
2019-06-13;578.71
2019-06-14;578
2019-06-17;577.21
2019-06-18;578.05
2019-06-19;579.98
2019-06-20;577.7
2019-06-21;578.86
2019-06-24;580.11
2019-06-25;575.34
2019-06-26;577.64
2019-06-27;581.94
2019-06-28;587.81
2019-07-01;582.79
2019-07-02;581.74
2019-07-03;581.48
2019-07-04;582.29
2019-07-05;580.7
2019-07-08;582.98
2019-07-09;578.63
2019-07-10;580.64
2019-07-11;583.45
2019-07-12;583.78
2019-07-15;579.84
2019-07-16;578.55
2019-07-17;577.28
2019-07-18;577
2019-07-19;582.56
2019-07-22;579.47
2019-07-23;579.15
2019-07-24;580.99
2019-07-25;580.6
2019-07-26;584.03
2019-07-29;583.5
2019-07-30;581.48
2019-07-31;580.68
2019-08-01;581.48
2019-08-02;580.08
2019-08-05;581.39
2019-08-06;579.95
2019-08-07;579.12
2019-08-08;583.82
2019-08-09;583.63
2019-08-12;581.9
2019-08-13;582.16
2019-08-14;582.55
2019-08-15;578.64
2019-08-16;575.1
2019-08-19;575.28
2019-08-20;575.65
2019-08-21;579.56
2019-08-22;574.7
2019-08-23;576.43
2019-08-26;574.66
2019-08-27;572.87
2019-08-28;566.45
2019-08-29;570.53
2019-08-30;567.45
2019-09-02;569.92
2019-09-03;571.8
2019-09-04;573.23
2019-09-05;574.17
2019-09-09;573.7
2019-09-10;576.29
2019-09-11;578.22
2019-09-12;578.01
2019-09-13;578.65
2019-09-16;580.02
2019-09-17;578.97
2019-09-18;580.65
2019-09-19;578.99
2019-09-20;572.86
2019-09-24;572.2
2019-09-25;573.64
2019-09-26;573.68
2019-09-27;574.6
2019-09-30;570.58
2019-10-01;569.32
2019-10-02;568.53
2019-10-03;565.9
2019-10-04;563.02
2019-10-07;563.12
2019-10-08;561.05
2019-10-09;559.26
2019-10-10;557.44
2019-10-11;562.11
2019-10-14;561.77
2019-10-15;561.47
2019-10-16;560.07
2019-10-17;563.67
2019-10-18;564.83
2019-10-21;565.19
2019-10-22;564.22
2019-10-23;559.56
2019-10-24;561
2019-10-25;561.41
2019-10-28;560.16
2019-10-29;556.28
2019-10-30;555.86
2019-10-31;556.84
2019-11-01;554.64
2019-11-04;554.9
2019-11-05;553.06
2019-11-06;557.83
2019-11-07;558.87
2019-11-08;560.59
2019-11-11;557.77
2019-11-12;558.24
2019-11-13;558.73
2019-11-14;558.8
2019-11-15;553.88
2019-11-18;555.77
2019-11-19;554.4
2019-11-20;550.98
2019-11-21;550
2019-11-22;551.22
2019-11-25;548.62
2019-11-26;545.79
2019-11-27;543.98
2019-11-28;543.36
2019-11-29;546.57
2019-12-02;547.82
2019-12-03;544.24
2019-12-04;543.56
2019-12-05;544.03
2019-12-06;546.61
2019-12-09;547.84
2019-12-10;546.07
2019-12-11;542.96
2019-12-12;543.5
2019-12-13;543.92
2019-12-16;545.85
2019-12-17;541.34
2019-12-18;548.04
2019-12-19;555.23
2019-12-20;548.24
2019-12-23;562.96
2019-12-27;561.73
2019-12-30;568.14
2020-01-02;568.25
2020-01-03;568.6
2020-01-06;570.65
2020-01-07;566.17
2020-01-08;575.75
2020-01-09;577.72
2020-01-10;579.24
2020-01-13;578.16
2020-01-14;580.1
2020-01-15;581.34
2020-01-16;581.81
2020-01-17;580.1
2020-01-20;585.73
2020-01-21;585.28
2020-01-22;584.9
2020-01-23;583.41
2020-01-24;582.81
2020-01-27;579.49
2020-01-28;578.05
2020-01-29;576.51
2020-01-30;574.27
2020-01-31;575.87
2020-02-03;573.96
2020-02-04;575.15
2020-02-05;570.36
2020-02-06;570.05
2020-02-07;569.62
2020-02-10;570.42
2020-02-11;570.67
2020-02-12;568.67
2020-02-13;563.46
2020-02-14;558.7
2020-02-17;560.47
2020-02-18;550.97
2020-02-19;548.91
2020-02-20;548.03
2020-02-21;552.24
2020-02-24;550.44
2020-02-25;545.01
2020-02-26;546.39
2020-02-27;548.71
2020-02-28;550.25
2020-03-02;546.75
2020-03-04;543.21
2020-03-05;536.4
2020-03-06;529.93
2020-03-09;475.63
2020-03-10;494.81
2020-03-11;495.12
2020-03-12;457.61
2020-03-13;447.95
2020-03-16;423.96
2020-03-17;422.4
2020-03-18;416.39
2020-03-19;405.8
2020-03-20;413.03
2020-03-23;406.9
2020-03-24;418.88
2020-03-25;426.13
2020-03-26;423.07
2020-03-27;421.68
2020-03-30;420.07
2020-03-31;419.35
2020-04-01;417.64
2020-04-02;421.69
2020-04-03;423.34
2020-04-06;427.78
2020-04-07;433.39
2020-04-08;435.55
2020-04-09;445.43
2020-04-14;459.55
2020-04-15;453.2
2020-04-16;447.27
2020-04-21;429.12
2020-04-22;435.38
2020-04-23;442.63
2020-04-24;448.61
2020-04-27;445.33
2020-04-28;447.7
2020-04-29;449.39
2020-04-30;447.45
2020-05-04;447.74
2020-05-05;448.37
2020-05-07;446.95
2020-05-08;448.82
2020-05-11;449.77
2020-05-12;451.78
2020-05-13;452.98
2020-05-14;449.51
2020-05-15;450.13
2020-05-18;449.75
2020-05-19;451.33
2020-05-20;449.45
2020-05-21;449.56
2020-05-22;450.22
2020-05-26;451.56
2020-05-27;452.92
2020-05-28;453.76
2020-05-29;452.71
2020-06-01;461.06
2020-06-02;461.03
2020-06-03;458.87
2020-06-04;462.1
2020-06-05;467.21
2020-06-08;465.84
2020-06-09;465.68
2020-06-10;462.28
2020-06-11;452.47
2020-06-12;456.39
2020-06-15;458.81
2020-06-16;457.53
2020-06-17;459.46
2020-06-18;459.09
2020-06-19;459.87
2020-06-22;457.22
2020-06-23;455.12
2020-06-24;455.24
2020-06-25;456.02
2020-06-26;455.15
2020-06-29;453.92
2020-06-30;453.26
2020-07-01;453.03
2020-07-02;452.52
2020-07-03;449.82
2020-07-06;447.12
2020-07-07;446.22
2020-07-08;448.19
2020-07-09;445.52
2020-07-10;444.23
2020-07-13;443.73
2020-07-14;441.32
2020-07-15;442.17
2020-07-16;444.77
2020-07-17;442.27
2020-07-20;442.02
2020-07-21;441.46
2020-07-22;439.71
2020-07-23;440.63
2020-07-24;440.18
2020-07-27;439.88
2020-07-28;438.22
2020-07-29;438.16
2020-07-30;439.6
2020-07-31;436.45
2020-08-03;436.59
2020-08-04;436.91
2020-08-05;434.56
2020-08-06;433.08
2020-08-07;430.87
2020-08-10;431.99
2020-08-11;435.62
2020-08-12;435.59
2020-08-13;435.61
2020-08-14;433.21
2020-08-17;433.61
2020-08-18;433.44
2020-08-19;434.46
2020-08-20;435.81
2020-08-21;435.14
2020-08-24;435.17
2020-08-25;433.71
2020-08-26;437.61
2020-08-27;430.86
2020-08-28;432.51
2020-08-31;434.21
2020-09-01;430.87
2020-09-02;431.75
2020-09-03;434.77
2020-09-04;435.11
2020-09-08;434.26
2020-09-09;435.07
2020-09-10;430.51
2020-09-11;431.95
2020-09-14;430.91
2020-09-15;430.66
2020-09-16;429.81
2020-09-17;429.6
2020-09-18;424.97
2020-09-21;423.59
2020-09-23;425.11
2020-09-24;425.21
2020-09-25;422.58
2020-09-28;426.43
2020-09-29;426.9
2020-09-30;427.55
2020-10-01;425.63
2020-10-02;420.33
2020-10-05;421.91
2020-10-06;422.19
2020-10-07;422
2020-10-08;421.65
2020-10-09;423.27
2020-10-12;425.93
2020-10-13;424.46
2020-10-14;425.96
2020-10-15;425.35
2020-10-16;429.83
2020-10-19;428.97
2020-10-20;428.07
2020-10-21;428
2020-10-22;429.66
2020-10-23;427.07
2020-10-26;429.72
2020-10-27;426.4
2020-10-28;423.69
2020-10-29;424.09
2020-10-30;427.94
2020-11-02;429.38
2020-11-03;427.36
2020-11-04;427.69
2020-11-05;425.91
2020-11-06;424.94
2020-11-09;425.96
2020-11-10;428.62
2020-11-11;428.63
2020-11-12;428.07
2020-11-13;425.62
2020-11-16;422.84
2020-11-17;425.65
2020-11-18;425.66
2020-11-19;422.86
2020-11-20;426.4
2020-11-23;424.42
2020-11-24;424.87
2020-11-25;422.39
2020-11-26;424.62
2020-11-27;425.7
2020-11-30;423.33
2020-12-01;427.87
2020-12-02;427.28
2020-12-03;426.91
2020-12-04;429.25
2020-12-07;433.18
2020-12-08;435.29
2020-12-09;437.44
2020-12-10;436.78
2020-12-11;438.45
2020-12-14;438.26
2020-12-15;437.68
2020-12-16;439.89
2020-12-17;439.59
2020-12-18;442.3
2020-12-21;441.78
2020-12-22;443.12
2020-12-23;444.67
2020-12-29;446.79
2020-12-30;447.53
2021-01-04;446.94
2021-01-05;449.47
2021-01-06;447.45
2021-01-07;449.88
2021-01-08;451.31
2021-01-11;453.92
2021-01-12;452.5
2021-01-13;454.77
2021-01-14;457.4
2021-01-15;465.71
2021-01-18;470.35
2021-01-19;476.94
2021-01-20;488.73
2021-01-21;499.85
2021-01-22;502.3
2021-01-25;503.37
2021-01-26;504.69
2021-01-27;506.98
2021-01-28;498.9
2021-01-29;499.38
2021-02-01;497.38
2021-02-02;500.3
2021-02-03;502.5
2021-02-04;498.34
2021-02-05;494.51
2021-02-08;494.39
2021-02-09;496.3
2021-02-10;494.34
2021-02-11;491.21
2021-02-12;496.75
2021-02-15;494.79
2021-02-16;499.09
2021-02-17;499.76
2021-02-18;500.53
2021-02-19;501.36
2021-02-22;498.45
2021-02-23;497.65
2021-02-24;498.02
2021-02-25;497.92
2021-02-26;495.58
2021-03-01;502.34
2021-03-02;498.53
2021-03-04;495.18
2021-03-05;493.78
2021-03-08;494.08
2021-03-09;488.05
2021-03-10;487.49
2021-03-11;492.44
2021-03-12;491.26
2021-03-15;488.47
2021-03-16;491.55
2021-03-17;493.84
2021-03-18;493.48
2021-03-19;491.03
2021-03-22;490.36
2021-03-23;492.68
2021-03-24;494.29
2021-03-25;495.55
2021-03-26;499.91
2021-03-29;500.24
2021-03-30;500.02
2021-03-31;502.28
2021-04-01;499.98
2021-04-06;501.51
2021-04-07;503.78
2021-04-08;508.66
2021-04-09;504.28
2021-04-12;507.86
2021-04-13;506.5
2021-04-14;506.32
2021-04-15;514.3
2021-04-16;513.66
2021-04-19;520.57
2021-04-20;521.54
2021-04-21;521.7
2021-04-22;519.18
2021-04-23;519.93
2021-04-26;519.88
2021-04-27;522.41
2021-04-28;523.94
2021-04-29;522.39
2021-05-05;522.74
2021-05-07;518.05
2021-05-10;519.87
2021-05-11;515.34
2021-05-12;517.68
2021-05-13;519.91
2021-05-14;522.39
2021-05-17;520.95
2021-05-18;519.93
2021-05-19;524.5
2021-05-20;524.43
2021-05-21;534.08
2021-05-25;532.52
2021-05-26;531.89
2021-05-27;531.57
2021-05-28;528.59
2021-05-31;527.61
2021-06-01;529.62
2021-06-02;534.77
2021-06-03;541.27
2021-06-04;540.64
2021-06-07;536.2
2021-06-08;535.17
2021-06-09;538.12
2021-06-10;541.56
2021-06-11;542.48
2021-06-14;544.7
2021-06-15;547.41
2021-06-16;548
2021-06-17;550.74
2021-06-18;551.89
2021-06-21;557.84
2021-06-22;550.21
2021-06-23;550.18
2021-06-24;554.54
2021-06-25;556.03
2021-06-28;556.14
2021-06-29;550.36
2021-06-30;557.69
2021-07-01;555.62
2021-07-02;550.76
2021-07-05;552.02
2021-07-06;548.43
2021-07-07;553.86
2021-07-08;555.09
2021-07-09;561.27
2021-07-12;563.91
2021-07-13;565.86
2021-07-14;563.4
2021-07-15;564.18
2021-07-16;566.04
2021-07-19;563.26
2021-07-20;563.86
2021-07-21;563.18
2021-07-22;559.95
2021-07-23;564.77
2021-07-26;568.39
2021-07-27;563.76
2021-07-28;572.22
2021-07-29;570.87
2021-07-30;570.44
2021-08-02;572.65
2021-08-03;575.63
2021-08-04;573.39
2021-08-05;578.38
2021-08-06;580.27
2021-08-09;580.86
2021-08-10;579.99
2021-08-11;579.5
2021-08-12;583.64
2021-08-13;582.59
2021-08-16;583.37
2021-08-17;571.9
2021-08-18;579.67
2021-08-19;575.55
2021-08-20;572.43
2021-08-23;565.93
2021-08-24;573.39
2021-08-25;570.68
2021-08-26;571.59
2021-08-27;569.8
2021-08-30;572.52
2021-08-31;566.1
2021-09-01;565.11
2021-09-02;562.77
2021-09-03;560.71
2021-09-07;565.4
2021-09-08;565.43
2021-09-09;566.12
2021-09-10;563.08
2021-09-13;565.83
2021-09-14;566.07
2021-09-15;566.9
2021-09-16;561.86
2021-09-17;556.43
2021-09-20;553.69
2021-09-21;560.72
2021-09-23;561.58
2021-09-24;564.03
2021-09-27;571.8
2021-09-28;570.1
2021-09-29;580.76
2021-09-30;585.36
2021-10-01;581.79
2021-10-04;570.68
2021-10-05;573.55
2021-10-06;573.06
2021-10-07;566.84
2021-10-08;571.93
2021-10-11;570.64
2021-10-12;569.25
2021-10-13;572.57
2021-10-14;572.99
2021-10-15;574.94
2021-10-18;578.72
2021-10-19;581.18
2021-10-20;572.66
2021-10-21;576.1
2021-10-22;574.78
2021-10-25;571.66
2021-10-26;571.9
2021-10-27;575.61
2021-10-28;577.36
2021-10-29;583.95
2021-11-01;583.28
2021-11-02;590.22
2021-11-03;598.86
2021-11-04;599.69
2021-11-05;603.84
2021-11-08;601.44
2021-11-09;598.77
2021-11-10;603.7
2021-11-11;602.87
2021-11-12;608.55
2021-11-15;606.08
2021-11-16;611.23
2021-11-17;608.61
2021-11-18;604.52
2021-11-19;612.08
2021-11-22;621.35
2021-11-23;623.78
2021-11-24;621.07
2021-11-25;627.19
2021-11-26;618.47
2021-11-29;622.22
2021-11-30;622.72
2021-12-01;616.8
2021-12-02;619.87
2021-12-03;624.54
2021-12-06;624.64
2021-12-07;627.19
2021-12-08;621.73
2021-12-09;620.39
2021-12-10;613.34
2021-12-13;609.48
2021-12-14;607.97
2021-12-15;608.28
2021-12-16;622.32
2021-12-17;619.55
2021-12-20;631.87
2021-12-21;635.57
2021-12-22;631.27
2021-12-23;633.31
2021-12-29;641.24
2021-12-30;635.68
2022-01-04;634.82
2022-01-05;643.67
2022-01-06;646.97
2022-01-07;647.18
2022-01-10;648.57
2022-01-11;650.71
2022-01-12;647.06
2022-01-13;648.19
2022-01-14;643.66
2022-01-17;646.14
2022-01-18;639.36
2022-01-19;631.58
2022-01-20;634.56
2022-01-21;627.18
2022-01-24;609.94
2022-01-25;613.72
2022-01-26;610.9
2022-01-27;611.71
2022-01-28;614.44
2022-01-31;618.53
2022-02-01;620.33
2022-02-02;625.53
2022-02-03;625.36
2022-02-04;626.52
2022-02-07;630
2022-02-08;629.25
2022-02-09;629.29
2022-02-10;623.15
2022-02-11;622.52
2022-02-14;622.07
2022-02-15;621.02
2022-02-16;623.39
2022-02-17;623.99
2022-02-18;624.08
2022-02-21;621.37
2022-02-22;615.11
2022-02-23;607.44
2022-02-24;595.89
2022-02-25;607.24
2022-02-28;595.22
2022-03-01;592.93
2022-03-02;587.48
2022-03-04;574.42
2022-03-07;538.96
2022-03-08;547.27
2022-03-09;576.23
2022-03-10;570.49
2022-03-11;579.31
2022-03-14;589.73
2022-03-15;590.38
2022-03-16;589.67
2022-03-17;596.56
2022-03-18;601.96
2022-03-21;598.03
2022-03-22;597.16
2022-03-23;600.73
2022-03-24;597.23
2022-03-25;610.52
2022-03-28;610.83
2022-03-29;618.66
2022-03-30;623.2
2022-03-31;626.76
2022-04-01;635.1
2022-04-04;636.2
2022-04-05;636.04
2022-04-06;627.01
2022-04-07;623.7
2022-04-08;627.55
2022-04-11;621.02
2022-04-12;622.7
2022-04-13;631.06
2022-04-14;634.32
2022-04-19;637.08
2022-04-20;636.79
2022-04-21;635.25
2022-04-26;630.27
2022-04-27;613.46
2022-04-28;610.55
2022-04-29;619.03
2022-05-03;603.39
2022-05-04;602.52
2022-05-05;605.42
2022-05-09;603.95
2022-05-10;600.53
2022-05-11;608.08
2022-05-12;601.82
2022-05-13;599.63
2022-05-16;600.7
2022-05-17;609.43
2022-05-18;616.05
2022-05-19;613.99
2022-05-20;618.69
2022-05-23;614.46
2022-05-25;608.21
2022-05-26;610.42
2022-05-27;613.62
2022-05-30;612.92
2022-05-31;617.97
2022-06-01;621.96
2022-06-02;618.54
2022-06-03;615.66
2022-06-06;614.45
2022-06-07;618.57
2022-06-08;621.86
2022-06-09;620.31
2022-06-10;620.06
2022-06-13;615.09
2022-06-14;611.38
2022-06-15;611.68
2022-06-16;611.73
2022-06-17;612.79
2022-06-20;612.77
2022-06-21;616.25
2022-06-22;611.79
2022-06-23;606.43
2022-06-24;614.28
2022-06-27;613.67
2022-06-28;611.48
2022-06-29;612.5
2022-06-30;613.21
2022-07-01;609.99
2022-07-04;609.24
2022-07-05;610.1
2022-07-06;612.33
2022-07-07;610.96
2022-07-08;615.09
2022-07-11;609.69
2022-07-12;606.68
2022-07-13;598.12
2022-07-14;607.3
2022-07-15;606.89
2022-07-18;607.38
2022-07-19;602.58
2022-07-20;609.59
2022-07-21;608.83
2022-07-22;600.63
2022-07-25;597.74
2022-07-26;605.85
2022-07-27;604.98
2022-07-28;602.48
2022-07-29;599.72
2022-08-01;602.07
2022-08-02;596.54
2022-08-03;599.85
2022-08-04;606.93
2022-08-05;608.44
2022-08-08;607.91
2022-08-09;610.45
2022-08-10;617.13
2022-08-11;614.74
2022-08-12;619.18
2022-08-15;622.29
2022-08-16;614.64
2022-08-17;613.36
2022-08-18;613.9
2022-08-19;614.47
2022-08-22;610.75
2022-08-23;613.28
2022-08-24;617.07
2022-08-25;607.32
2022-08-26;607.75
2022-08-29;606.98
2022-08-30;612.1
2022-08-31;612.34
2022-09-01;615.79
2022-09-02;611.09
2022-09-05;609.6
2022-09-07;607.46
2022-09-08;606.67
2022-09-09;605.2
2022-09-12;612.22
2022-09-13;613.73
2022-09-14;611.62
2022-09-15;605.1
2022-09-16;603.74
2022-09-19;606.48
2022-09-20;601.6
2022-09-21;599.98
2022-09-23;589.13
2022-09-26;591.74
2022-09-27;591.63
2022-09-28;590.37
2022-09-29;585.29
2022-09-30;587.15
2022-10-03;570.94
2022-10-04;583.54
2022-10-05;582.1
2022-10-06;582.54
2022-10-07;581.69
2022-10-10;583.83
2022-10-11;583.11
2022-10-12;582.72
2022-10-13;580.37
2022-10-14;581.7
2022-10-17;577.48
2022-10-18;579.88
2022-10-19;579.58
2022-10-20;579.85
2022-10-21;579.43
2022-10-24;580.18
2022-10-25;580.42
2022-10-26;582.75
2022-10-27;585.75
2022-10-28;587.8
2022-10-31;589.52
2022-11-01;590.21
2022-11-02;590.91
2022-11-03;593.83
2022-11-04;593.87
2022-11-07;592.98
2022-11-08;594.11
2022-11-09;597.45
2022-11-10;602.26
2022-11-11;596.43
2022-11-14;598.51
2022-11-15;595.14
2022-11-16;592.18
2022-11-17;588.89
2022-11-18;593.22
2022-11-21;592.14
2022-11-22;594.39
2022-11-23;591.7
2022-11-24;593.1
2022-11-25;595.75
2022-11-28;596.62
2022-11-29;598.64
2022-11-30;603.44
2022-12-01;601.8
2022-12-02;605.43
2022-12-05;602.61
2022-12-06;606.62
2022-12-07;606.11
2022-12-08;602.4
2022-12-09;603.83
2022-12-12;602.55
2022-12-13;601.58
2022-12-14;602.85
2022-12-15;602.48
2022-12-16;601.38
2022-12-19;597.75
2022-12-20;597.75
2022-12-21;600.68
2022-12-22;601.42
2022-12-23;602.95
2022-12-29;602.86
2022-12-30;601.49